apo_pdb,holo_pdb,rmsd,l2
5B02_B.pdb,5GWW_D.pdb,3.6047160625457764,2.28125
5B02_B.pdb,5B03_D.pdb,4.298078536987305,2.28125
5OJX_A.pdb,5OJY_A.pdb,0.8854452967643738,3.6875
5IHY_A.pdb,5DQW_B.pdb,0.5290127396583557,2.765625
3VVX_B.pdb,3VW0_D.pdb,1.8197567462921143,2.984375
4XE7_A.pdb,4XHN_A.pdb,3.7369883060455322,2.984375
4XE7_A.pdb,4XHO_A.pdb,3.7738020420074463,3.0
6B2O_E.pdb,6B2M_C.pdb,1.8163312673568726,2.140625
3Q1H_A.pdb,5HI6_B.pdb,1.035261869430542,3.421875
4MPB_B.pdb,4NEA_A.pdb,0.2736642360687256,1.2109375
5EY7_B.pdb,5YGG_A.pdb,0.5296750664710999,2.953125
3ZRD_A.pdb,2XPD_A.pdb,0.5007688999176025,3.015625
4ALM_B.pdb,4ALK_H.pdb,0.366499662399292,3.109375
4ALM_B.pdb,4ALJ_D.pdb,0.3789258897304535,3.125
4ALM_B.pdb,4BNG_D.pdb,0.3870292603969574,3.171875
4ALM_B.pdb,4BNH_H.pdb,0.38438940048217773,3.203125
4ALM_B.pdb,4BNK_D.pdb,0.40124043822288513,3.171875
4HNU_B.pdb,3HBL_C.pdb,2.0373833179473877,2.78125
4HNU_B.pdb,4HNV_C.pdb,1.910653829574585,2.84375
4HNU_B.pdb,3BG5_D.pdb,2.695754051208496,2.5625
3HB9_D.pdb,3HO8_D.pdb,2.8135156631469727,2.984375
3VSK_A.pdb,3VSL_B.pdb,1.017490267753601,3.140625
3HSE_A.pdb,3HSR_D.pdb,2.528796434402466,4.0625
3TSB_A.pdb,4QM1_B.pdb,0.3377785384654999,2.484375
3TSB_A.pdb,3USB_B.pdb,0.35891637206077576,2.96875
3TSB_A.pdb,3TSD_B.pdb,0.37854906916618347,2.515625
5JGJ_A.pdb,5JGK_A.pdb,1.296834945678711,2.828125
5JGJ_A.pdb,5JGL_A.pdb,4.693068027496338,3.390625
3PHL_A.pdb,3PJG_A.pdb,2.444462776184082,2.65625
4HYM_B.pdb,4KQV_A.pdb,0.32039618492126465,2.140625
4XTT_B.pdb,4XTT_A.pdb,0.7481271028518677,2.671875
5TT8_F.pdb,5TUO_F.pdb,0.6287697553634644,3.0
5TT3_D.pdb,5TT8_D.pdb,0.6823259592056274,2.90625
4ZRB_C.pdb,4ZRB_H.pdb,0.32077932357788086,2.546875
5DJ1_D.pdb,6C92_B.pdb,0.16068825125694275,1.4609375
5DJ1_D.pdb,6C8T_C.pdb,0.37456071376800537,1.7578125
5L9P_B.pdb,5L9L_A.pdb,4.277807712554932,2.28125
5L9P_B.pdb,5L9G_A.pdb,4.334882736206055,2.203125
5L9P_B.pdb,5L9I_A.pdb,4.291990280151367,2.28125
5ZLT_C.pdb,5XVS_B.pdb,3.064743757247925,2.515625
5OEV_A.pdb,5OEU_A.pdb,0.3529125452041626,1.8203125
5WVA_B.pdb,5WUW_A.pdb,0.1736532747745514,1.9296875
3JXJ_A.pdb,3W9F_A.pdb,0.47342902421951294,2.5
4NPJ_A.pdb,4P42_B.pdb,1.3945701122283936,3.03125
4ZKY_B.pdb,5JV4_A.pdb,0.3336906433105469,2.390625
5T2V_A.pdb,5T2U_A.pdb,0.27133315801620483,2.03125
3SC3_B.pdb,3BOS_A.pdb,4.7075700759887695,3.0625
2MPA_L.pdb,2IPT_L.pdb,4.794867992401123,2.390625
2MPA_L.pdb,4OCX_L.pdb,3.037273645401001,2.4375
2MPA_L.pdb,1F3D_L.pdb,4.4133687019348145,2.078125
2CGR_L.pdb,1YNL_L.pdb,3.8811731338500977,2.28125
3F8F_B.pdb,3F8C_A.pdb,1.9148236513137817,3.234375
3DFA_A.pdb,4Y5Q_A.pdb,1.0996484756469727,2.953125
3DFA_A.pdb,3IGO_A.pdb,1.0829216241836548,3.046875
3DFA_A.pdb,3MWU_A.pdb,1.0349751710891724,2.96875
4RZ2_B.pdb,4RZ3_A.pdb,0.5194494128227234,2.875
5AMK_D.pdb,5OH1_C.pdb,0.6610344052314758,3.96875
5AMK_D.pdb,5OH9_C.pdb,1.4913901090621948,3.984375
5AMK_D.pdb,5OHA_C.pdb,0.6029984354972839,3.921875
5AMK_D.pdb,5OH4_C.pdb,0.7785589694976807,3.859375
5AMK_D.pdb,5OH3_B.pdb,0.5594186186790466,3.734375
5XGQ_B.pdb,5XET_C.pdb,0.771308183670044,2.703125
5TEK_A.pdb,5TJZ_A.pdb,3.204904794692993,2.078125
5TEK_A.pdb,5TJY_A.pdb,3.252685785293579,2.125
5TEK_A.pdb,5TJY_A.pdb,3.252685785293579,2.125
5TEK_A.pdb,5TJZ_A.pdb,3.204904794692993,2.078125
5HWT_B.pdb,5HWV_B.pdb,0.34756454825401306,2.546875
5HWT_B.pdb,5HWW_A.pdb,0.2764868438243866,2.328125
3PW3_E.pdb,5WDL_C.pdb,0.16375112533569336,2.015625
3PW3_E.pdb,5WDK_D.pdb,0.257162481546402,2.25
5UOU_A.pdb,3O7J_A.pdb,0.7591172456741333,3.15625
3I3Y_A.pdb,3IKH_C.pdb,0.5170140862464905,2.546875
3I3Y_A.pdb,3I3Y_D.pdb,0.44517362117767334,2.765625
4XA8_A.pdb,5VG6_B.pdb,3.5805532932281494,2.28125
3WRW_E.pdb,3WRX_B.pdb,2.2571098804473877,2.921875
3DOL_B.pdb,3DOK_A.pdb,9.202402114868164,3.90625
3DOL_B.pdb,3DOL_A.pdb,9.112373352050781,3.703125
3DOL_B.pdb,3DMJ_A.pdb,9.023824691772461,3.671875
3DOL_B.pdb,5VZ6_A.pdb,10.405011177062988,3.59375
4NG7_A.pdb,4X04_A.pdb,2.103663682937622,3.21875
4USI_C.pdb,4USJ_D.pdb,0.4911494851112366,2.796875
5N22_C.pdb,5N1U_B.pdb,0.4556330144405365,2.625
6B9S_E.pdb,6B9T_F.pdb,0.9426658153533936,2.125
4RJZ_A.pdb,4QSC_A.pdb,3.3403141498565674,2.4375
4RJZ_A.pdb,4QRZ_A.pdb,3.3462958335876465,2.53125
2PWO_A.pdb,4INB_A.pdb,0.9733189344406128,3.296875
3K01_A.pdb,3K00_A.pdb,3.147918224334717,2.0625
3K01_A.pdb,3JZJ_A.pdb,3.1290624141693115,2.109375
3K01_A.pdb,3K02_A.pdb,3.133411407470703,2.125
5MKB_E.pdb,5MKA_A.pdb,2.4795751571655273,2.1875
5MKB_E.pdb,5M28_A.pdb,2.5433192253112793,2.203125
5MKB_E.pdb,5MK9_A.pdb,2.2716588973999023,2.078125
5UHQ_A.pdb,4QNC_B.pdb,2.6597061157226562,4.46875
5UHQ_A.pdb,5UHS_A.pdb,1.274512529373169,4.0625
4YB8_C.pdb,4XZ3_C.pdb,0.43898382782936096,2.25
4YB8_C.pdb,4XZ3_C.pdb,0.43898382782936096,2.25
5HBR_B.pdb,4XYM_B.pdb,1.1602309942245483,1.9921875
3T2F_A.pdb,3T2D_A.pdb,0.15694560110569,1.53125
4MSO_A.pdb,4OTL_C.pdb,0.9118893146514893,2.46875
5GIZ_B.pdb,5Y89_B.pdb,0.8640332221984863,2.484375
5XVI_E.pdb,5XWC_A.pdb,4.424355983734131,2.25
5XVI_E.pdb,5XW0_A.pdb,4.443165302276611,2.296875
5XVI_E.pdb,5XWC_A.pdb,4.424355983734131,2.25
5XVI_E.pdb,5XWC_A.pdb,4.424355983734131,2.25
4ZPX_B.pdb,3K1J_B.pdb,0.8591734766960144,2.328125
3E6D_A.pdb,3E5U_D.pdb,4.363974094390869,2.859375
5GQ1_C.pdb,5GRB_D.pdb,0.49678662419319153,2.875
4QVG_D.pdb,4U1Q_C.pdb,2.861882448196411,2.734375
4QVG_D.pdb,4X3Q_B.pdb,2.9871835708618164,2.890625
2YGL_B.pdb,2YGM_A.pdb,11.964147567749023,1.703125
4KKQ_B.pdb,4BEI_D.pdb,0.6243494153022766,2.015625
4N9H_A.pdb,4N9I_A.pdb,7.079152584075928,3.015625
5D2O_A.pdb,4AWF_A.pdb,0.7178707122802734,2.765625
5D2O_A.pdb,4AVG_D.pdb,0.939830482006073,2.96875
4AVQ_B.pdb,4AWH_B.pdb,0.5744799375534058,2.703125
5M7O_B.pdb,5M7N_A.pdb,2.1766092777252197,2.6875
5M7O_B.pdb,5M7P_A.pdb,2.3437490463256836,2.609375
4UP8_A.pdb,4UP7_A.pdb,0.8032819628715515,2.515625
4N7X_A.pdb,4N7W_A.pdb,3.84999680519104,3.21875
5ZGV_A.pdb,4RL2_A.pdb,0.4772966802120209,2.234375
5ZGV_A.pdb,4RL0_B.pdb,0.3217189908027649,1.9296875
5ZGV_A.pdb,4EYB_B.pdb,0.3188241422176361,1.953125
5ZGV_A.pdb,4RBS_B.pdb,0.42640745639801025,2.296875
5ZGV_A.pdb,4EY2_B.pdb,0.3206801414489746,1.953125
5UXB_B.pdb,5UXD_B.pdb,1.3919684886932373,2.4375
4X1O_A.pdb,5BW4_B.pdb,0.44370076060295105,2.296875
4FWV_A.pdb,4FWH_A.pdb,1.4126479625701904,3.8125
4FWV_A.pdb,4FWD_A.pdb,1.5586977005004883,3.6875
2HQ8_A.pdb,2HPS_A.pdb,3.2120516300201416,3.859375
5DFG_A.pdb,5V0F_A.pdb,0.38017022609710693,2.25
5M38_A.pdb,5M3G_A.pdb,1.1371217966079712,3.328125
4L9B_A.pdb,4L97_A.pdb,0.31944307684898376,1.453125
4L9B_A.pdb,4RGA_B.pdb,0.3500482141971588,1.3203125
4L9B_A.pdb,4RGG_B.pdb,0.3183518946170807,1.5078125
5D4L_A.pdb,5D4O_A.pdb,0.5266301035881042,3.328125
5D4L_A.pdb,5D4O_A.pdb,0.5266301035881042,3.328125
4N6E_A.pdb,4N6F_A.pdb,0.4445832371711731,2.40625
4XSJ_A.pdb,4U15_A.pdb,0.5428062081336975,3.703125
5NX0_A.pdb,6D26_A.pdb,0.554546594619751,4.3125
5NX0_A.pdb,6D27_A.pdb,0.500471830368042,4.28125
5NX0_A.pdb,6D26_A.pdb,0.554546594619751,4.3125
4D8B_A.pdb,4D8E_A.pdb,0.2848307490348816,1.1796875
4G41_A.pdb,4G41_B.pdb,0.8315245509147644,2.765625
4XEH_A.pdb,4XDZ_A.pdb,1.5511804819107056,2.140625
4XEH_A.pdb,5E4R_A.pdb,1.4977061748504639,2.84375
4XEH_A.pdb,5E4R_A.pdb,1.4977061748504639,2.84375
3TVZ_A.pdb,4JOU_A.pdb,0.35718977451324463,2.6875
4OZR_U.pdb,4OZT_U.pdb,0.7250076532363892,3.5
4OZR_E.pdb,4OZT_E.pdb,0.5481429100036621,3.765625
3GYY_D.pdb,2VPO_B.pdb,2.7858238220214844,2.578125
3GYY_D.pdb,2VPN_B.pdb,2.7519354820251465,2.578125
4MH1_A.pdb,4MH1_B.pdb,0.3559115529060364,2.4375
3WFI_B.pdb,3WFJ_G.pdb,4.606968402862549,2.28125
5OEA_F.pdb,5OEA_E.pdb,1.6375905275344849,2.421875
3S0Z_A.pdb,5YPI_B.pdb,0.8664994239807129,3.65625
3S0Z_A.pdb,5YPM_G.pdb,0.9051676988601685,3.703125
3S0Z_A.pdb,5YPK_E.pdb,0.9039141535758972,3.765625
3S0Z_A.pdb,5YPN_B.pdb,0.8471614122390747,3.78125
5GS5_B.pdb,5GRM_B.pdb,0.6441825032234192,3.3125
3NUI_B.pdb,4E3Q_C.pdb,0.5864312648773193,2.796875
4BZW_A.pdb,3BXP_B.pdb,0.40891915559768677,2.796875
5UDW_E.pdb,5UDR_C.pdb,2.084317684173584,2.28125
5UNM_A.pdb,5UDS_B.pdb,1.1182751655578613,2.234375
4YDR_B.pdb,5X9D_A.pdb,0.602138876914978,2.40625
4PSD_A.pdb,4PSE_B.pdb,0.3620773255825043,2.609375
5VK3_B.pdb,5KKL_B.pdb,0.8904576301574707,2.546875
5VK3_B.pdb,5KJI_B.pdb,1.1679021120071411,2.4375
5VK3_B.pdb,5WF7_B.pdb,0.4658450186252594,1.859375
4D0K_C.pdb,4CYJ_A.pdb,0.558906614780426,4.03125
5X8U_A.pdb,5X8S_A.pdb,0.5074405670166016,2.5625
5X8W_A.pdb,5X8X_C.pdb,1.164724588394165,2.984375
3WYB_B.pdb,5GZ6_A.pdb,1.4133933782577515,2.515625
3WYB_B.pdb,5GZ6_A.pdb,1.4133933782577515,2.515625
4LAN_B.pdb,4HK6_B.pdb,0.2305847555398941,1.609375
4LAN_B.pdb,4LAM_A.pdb,0.4493239223957062,2.078125
4HK5_B.pdb,4HK7_A.pdb,0.20700395107269287,1.53125
5EOU_A.pdb,5EOX_A.pdb,0.6036995649337769,2.78125
3MOK_A.pdb,5XA4_A.pdb,0.5552791953086853,2.71875
3MOK_A.pdb,5IQX_A.pdb,0.37465497851371765,2.4375
3MOK_A.pdb,3WAH_B.pdb,0.3712770938873291,2.625
3MOK_A.pdb,5IQX_A.pdb,0.37465497851371765,2.4375
3MOK_A.pdb,5XIC_D.pdb,0.44652363657951355,2.609375
6DTR_A.pdb,6DTQ_D.pdb,3.9100611209869385,2.25
5EYV_A.pdb,5EYT_A.pdb,0.42887556552886963,2.3125
6CZL_A.pdb,6CZM_A.pdb,3.0824480056762695,2.953125
4M2F_A.pdb,4M2C_C.pdb,0.8638548851013184,2.390625
4M23_A.pdb,4M2G_C.pdb,0.786274254322052,2.171875
4M2F_A.pdb,4M2F_C.pdb,0.9038612246513367,2.15625
4JIT_A.pdb,4JLS_J.pdb,0.3960700035095215,2.203125
5F78_D.pdb,5F76_B.pdb,0.24188503623008728,2.046875
5F78_D.pdb,5F7J_D.pdb,0.17871780693531036,2.0
5F78_D.pdb,5F7X_A.pdb,0.23834511637687683,2.015625
4JGZ_A.pdb,5C9A_A.pdb,1.550691843032837,2.96875
4JGZ_A.pdb,5ABJ_A.pdb,1.5493574142456055,3.015625
4J4S_B.pdb,4J4V_E.pdb,0.6077689528465271,2.921875
5B08_B.pdb,5B09_A.pdb,0.8310753107070923,3.140625
5ONC_B.pdb,4UBT_D.pdb,0.4828667938709259,2.640625
5ONC_B.pdb,4UBV_A.pdb,0.4803548753261566,2.640625
5ONC_B.pdb,4UBT_A.pdb,0.4573729932308197,2.75
4QRA_B.pdb,4QTF_A.pdb,0.2774687111377716,2.03125
4QRA_B.pdb,5DZP_A.pdb,0.4956492483615875,1.984375
4QRA_B.pdb,5E1I_A.pdb,0.44805091619491577,1.984375
4QRA_B.pdb,5K69_A.pdb,0.44104036688804626,2.015625
4QRA_B.pdb,5DVP_B.pdb,0.5347518920898438,1.9140625
5MUZ_B.pdb,5MUY_B.pdb,0.7767864465713501,3.1875
3WJK_B.pdb,3WJN_A.pdb,0.9837635159492493,3.203125
3WJK_B.pdb,3WJO_A.pdb,0.9361173510551453,3.28125
4V38_A.pdb,4V3B_A.pdb,1.6820820569992065,2.953125
3U84_B.pdb,3U88_B.pdb,0.7061648368835449,2.53125
3U84_B.pdb,6B41_A.pdb,1.095869779586792,2.5625
3U84_B.pdb,3U88_B.pdb,0.7061648368835449,2.53125
1RK4_B.pdb,1K0N_A.pdb,0.38991108536720276,3.296875
3ITM_B.pdb,4HTX_C.pdb,0.4650781452655792,2.828125
3ITM_B.pdb,4JIB_C.pdb,0.4296112656593323,2.765625
3ITM_B.pdb,4D09_D.pdb,0.5631275177001953,3.1875
3ITM_B.pdb,5TZA_C.pdb,0.43935754895210266,2.828125
3ITM_B.pdb,5TZZ_C.pdb,0.46369561553001404,2.8125
5E7I_A.pdb,2I4I_A.pdb,18.234603881835938,2.46875
5E7I_B.pdb,4PX9_A.pdb,0.26197734475135803,2.515625
2D39_C.pdb,2JHI_F.pdb,0.5987821221351624,2.53125
2JHH_F.pdb,2JHL_F.pdb,0.5291575789451599,2.234375
4HE0_A.pdb,3IFC_C.pdb,0.3393018841743469,2.234375
4HE0_A.pdb,3IFA_A.pdb,0.3245902955532074,2.3125
4HQ6_A.pdb,5KKN_C.pdb,0.49900588393211365,2.640625
2AQ6_B.pdb,2AQ6_A.pdb,0.7869856357574463,2.453125
2AQ6_B.pdb,1Y30_A.pdb,0.7438843250274658,2.625
4O7O_A.pdb,4O7P_B.pdb,0.7434610724449158,2.96875
1FFH_A.pdb,1RJ9_B.pdb,1.757634162902832,3.453125
1FFH_A.pdb,2CNW_C.pdb,2.4420902729034424,3.328125
1FFH_A.pdb,2J7P_A.pdb,2.0140938758850098,3.15625
1FGZ_A.pdb,2R0D_B.pdb,0.4606778025627136,2.90625
1FGZ_A.pdb,2R09_A.pdb,0.6611937284469604,2.65625
1YVY_B.pdb,1YTM_B.pdb,1.127958059310913,2.234375
1YVY_B.pdb,1YTM_B.pdb,1.127958059310913,2.234375
2A6T_A.pdb,5KQ4_E.pdb,5.816300868988037,3.53125
2A6T_A.pdb,2QKM_F.pdb,6.141481876373291,3.75
1IA8_A.pdb,2AYP_A.pdb,0.34996646642684937,2.484375
1IA8_A.pdb,5OQ5_A.pdb,0.299979567527771,2.09375
1IA8_A.pdb,5OP4_A.pdb,0.23967872560024261,2.140625
1IA8_A.pdb,5OPU_A.pdb,0.24212007224559784,2.140625
1IA8_A.pdb,5OPS_A.pdb,0.27088114619255066,2.15625
3TAC_A.pdb,3C0G_B.pdb,0.5835422873497009,2.421875
1W9C_B.pdb,5DIS_A.pdb,1.3742817640304565,3.75
4MYG_B.pdb,4EYJ_A.pdb,1.8302960395812988,3.171875
4MYG_B.pdb,4EYM_A.pdb,2.0356576442718506,3.203125
4MYG_B.pdb,5EKO_A.pdb,2.029557228088379,3.265625
4MYG_B.pdb,5EKN_A.pdb,1.8289024829864502,3.09375
6EOU_A.pdb,5VIE_C.pdb,3.595080852508545,5.65625
1W3B_B.pdb,4GYY_A.pdb,1.770241141319275,5.625
1W3B_B.pdb,3TAX_A.pdb,1.7783535718917847,5.65625
1W3B_B.pdb,6MA2_A.pdb,3.366813898086548,5.65625
1W3B_B.pdb,6MA5_A.pdb,3.363953113555908,5.65625
3NR8_B.pdb,5OKM_B.pdb,0.3086017966270447,2.359375
3PM8_B.pdb,4MVF_A.pdb,0.7971808910369873,3.5625
1OGL_A.pdb,1OGK_D.pdb,2.3238070011138916,3.65625
5U95_B.pdb,5BSM_A.pdb,0.8235743045806885,2.4375
5U95_B.pdb,5BSR_A.pdb,0.40384936332702637,2.03125
5U95_B.pdb,5BSW_B.pdb,0.7268065214157104,2.40625
5U95_B.pdb,5BSU_A.pdb,0.5349165797233582,2.140625
5U95_B.pdb,5BST_A.pdb,0.5532948970794678,2.109375
5XOB_Z.pdb,3AU7_A.pdb,0.6087335348129272,2.3125
1OI0_B.pdb,1OI0_A.pdb,0.3906906247138977,2.109375
1R8A_A.pdb,1UEV_A.pdb,0.4247344136238098,2.359375
1R8A_A.pdb,1UEU_A.pdb,0.3330644965171814,2.234375
3NCP_A.pdb,3NCR_A.pdb,0.3330060839653015,3.03125
3NCP_A.pdb,3NCQ_B.pdb,0.29964709281921387,2.890625
1SW5_A.pdb,1SW4_B.pdb,3.993213653564453,2.546875
1SW5_A.pdb,1SW1_B.pdb,4.027109146118164,2.671875
2IOH_D.pdb,1RQL_B.pdb,0.8419452905654907,2.984375
2IOH_D.pdb,1SWW_B.pdb,0.9219399094581604,3.1875
1SWV_B.pdb,1RDF_A.pdb,1.0807209014892578,3.234375
5DEC_D.pdb,5F2V_W.pdb,0.6518990397453308,2.796875
2AXP_B.pdb,3KB2_B.pdb,0.5573835372924805,2.84375
3PPN_B.pdb,3PPR_A.pdb,2.2383859157562256,2.0625
3PPN_B.pdb,3PPQ_A.pdb,2.1668293476104736,2.109375
3PPN_B.pdb,3PPO_A.pdb,2.3960659503936768,2.296875
5UXA_A.pdb,5IGZ_A.pdb,1.040170431137085,2.546875
5UXA_A.pdb,5IGZ_A.pdb,1.040170431137085,2.546875
5UXA_A.pdb,5IGY_A.pdb,0.7884361147880554,2.5625
5UXA_A.pdb,5IGW_A.pdb,0.7810620665550232,2.421875
5UXA_A.pdb,5IH1_A.pdb,0.7764768004417419,2.328125
5IZO_C.pdb,5IUF_A.pdb,1.0021697282791138,1.9765625
5IUF_C.pdb,5IPP_A.pdb,2.017624855041504,1.6796875
3GIF_B.pdb,3EHH_A.pdb,3.4217073917388916,4.625
3GIF_B.pdb,3EHJ_B.pdb,3.4160118103027344,4.53125
2WV0_C.pdb,4U0W_B.pdb,8.626457214355469,2.71875
2WV0_C.pdb,4U0V_A.pdb,8.66516399383545,2.8125
1FL1_A.pdb,4P3H_A.pdb,0.8706425428390503,3.78125
3KMJ_A.pdb,3KMT_C.pdb,0.35629743337631226,2.546875
3BGV_D.pdb,5E8J_B.pdb,0.3497889041900635,2.421875
1X6V_A.pdb,1X6V_B.pdb,9.457533836364746,1.5
5NG3_A.pdb,5NG0_B.pdb,0.821744978427887,2.640625
5NG3_A.pdb,5J79_A.pdb,1.0218547582626343,2.734375
5NG3_B.pdb,4C8B_B.pdb,1.2044082880020142,2.640625
5NG3_C.pdb,5W5O_P.pdb,0.6966503262519836,2.5625
5NG3_B.pdb,6ES0_A.pdb,1.1491516828536987,2.796875
3TON_A.pdb,3L4V_A.pdb,0.8623626232147217,3.875
3TON_A.pdb,3L4U_A.pdb,0.872685432434082,3.890625
3TON_B.pdb,3L4T_A.pdb,0.8704278469085693,3.859375
3TON_A.pdb,2QMJ_A.pdb,0.9002208709716797,3.875
3TON_A.pdb,3CTT_A.pdb,0.8734986782073975,3.859375
2J8Q_A.pdb,3BHO_A.pdb,0.3587828278541565,1.921875
3K3K_A.pdb,4WVO_A.pdb,0.44324031472206116,3.03125
3K3K_A.pdb,5OR2_A.pdb,0.46454861760139465,3.0
3K3K_A.pdb,5OR6_A.pdb,0.4505968689918518,2.9375
3K3K_A.pdb,3ZVU_A.pdb,0.38259419798851013,2.8125
5TOV_A.pdb,5TOW_B.pdb,4.8196258544921875,1.8359375
4DDU_A.pdb,3P4X_A.pdb,20.38245964050293,3.75
3G2M_B.pdb,3G2O_B.pdb,0.25768914818763733,2.0
3G2M_B.pdb,3G2Q_B.pdb,0.26660993695259094,2.03125
4RVS_A.pdb,4RVU_B.pdb,2.693418025970459,1.9609375
3TX4_A.pdb,5DCC_A.pdb,0.29015225172042847,1.8671875
3TX4_A.pdb,5DUJ_B.pdb,0.2974357604980469,1.859375
3TX4_A.pdb,4GSU_B.pdb,0.44683417677879333,1.84375
3TX4_A.pdb,4GSR_A.pdb,0.27422502636909485,1.5078125
4BNZ_B.pdb,4BNT_C.pdb,0.2277863472700119,2.171875
4BO4_B.pdb,4BO8_C.pdb,0.19906195998191833,2.234375
4AFN_B.pdb,4BO4_C.pdb,0.5760489702224731,3.3125
4AFN_B.pdb,4BNY_D.pdb,0.519509494304657,3.125
4AFN_B.pdb,4BO2_A.pdb,0.4457191824913025,3.09375
5H7J_A.pdb,5H7J_B.pdb,2.363567352294922,2.1875
5UHP_H.pdb,5M7U_A.pdb,0.615905225276947,4.46875
5UHP_H.pdb,5M7T_B.pdb,0.575363278388977,4.71875
5UHP_E.pdb,5UN9_A.pdb,0.6405280828475952,4.5
2W1I_B.pdb,3UGC_A.pdb,0.7090843915939331,2.859375
3TF5_A.pdb,2Q3E_L.pdb,2.6195666790008545,2.109375
3TF5_A.pdb,3PTZ_E.pdb,2.7771096229553223,2.171875
3TF5_A.pdb,5VR8_C.pdb,2.790398359298706,2.03125
3TF5_A.pdb,6C4J_G.pdb,2.4422712326049805,2.078125
3TF5_A.pdb,5VR8_C.pdb,2.790398359298706,2.03125
2VCW_C.pdb,2VCQ_D.pdb,0.34105563163757324,2.34375
3UW9_A.pdb,3U5L_A.pdb,0.4299320876598358,2.984375
3UW9_A.pdb,3U5K_D.pdb,0.413565456867218,2.984375
3UW9_A.pdb,3U5J_A.pdb,0.42235279083251953,2.921875
3UW9_A.pdb,4E96_A.pdb,0.39792418479919434,3.109375
3UW9_A.pdb,4GPJ_A.pdb,0.345578670501709,2.921875
3N7S_C.pdb,6D1U_C.pdb,0.3722241222858429,3.625
2XVT_C.pdb,4RWF_A.pdb,0.32084333896636963,3.84375
5K3H_A.pdb,5K3I_F.pdb,0.4679863154888153,2.03125
5K3H_A.pdb,5K3I_F.pdb,0.4679863154888153,2.03125
4R83_D.pdb,4R84_C.pdb,0.7835897207260132,1.796875
2RH5_A.pdb,2RGX_A.pdb,1.9477529525756836,3.1875
2RH5_A.pdb,3SR0_A.pdb,1.7498518228530884,3.265625
2RH5_A.pdb,3SR0_A.pdb,1.7498518228530884,3.265625
2DI4_A.pdb,4WW0_A.pdb,0.35138097405433655,2.828125
2ZAU_B.pdb,2YYE_A.pdb,0.4266551733016968,2.3125
4L4U_A.pdb,3M0E_C.pdb,2.25016450881958,2.921875
4L4U_A.pdb,1NY5_B.pdb,2.1223018169403076,2.765625
1WY5_B.pdb,2E21_A.pdb,1.4609609842300415,3.125
1WY5_B.pdb,2E89_D.pdb,1.6032264232635498,3.25
3K1P_B.pdb,2F7A_A.pdb,0.9518080353736877,3.078125
5X3X_B.pdb,5X40_A.pdb,1.3771270513534546,2.84375
3N4U_A.pdb,4DT8_A.pdb,0.8156715035438538,2.375
3N4U_A.pdb,6CD7_B.pdb,1.0757969617843628,2.609375
3N4U_A.pdb,4DT9_B.pdb,0.943361759185791,2.4375
3N4U_A.pdb,3SG9_B.pdb,0.8174962997436523,2.34375
3N4U_A.pdb,3SG8_B.pdb,0.7818174362182617,2.3125
5O2K_D.pdb,5O37_A.pdb,6.400541305541992,2.84375
4EBF_E.pdb,4E5M_B.pdb,2.266630172729492,2.671875
4EBF_E.pdb,4E5N_G.pdb,2.811765432357788,2.765625
4DC9_E.pdb,1T4G_A.pdb,0.43553251028060913,2.8125
4DC9_E.pdb,2FPK_A.pdb,0.4357791244983673,2.703125
5L8V_A.pdb,4D6P_B.pdb,0.554299533367157,2.890625
5L8V_A.pdb,4B3C_A.pdb,0.6434192061424255,2.90625
3SP4_B.pdb,4XBA_A.pdb,0.2500911355018616,2.328125
5D6Y_C.pdb,5VAR_A.pdb,3.389971971511841,2.328125
1ZR5_B.pdb,3IIF_B.pdb,1.302154541015625,2.96875
4Z7G_A.pdb,3P23_B.pdb,1.3116389513015747,3.21875
4Z7G_B.pdb,4YZ9_A.pdb,0.6004319787025452,2.921875
6DUP_B.pdb,1NRL_A.pdb,0.37783512473106384,2.328125
6DUP_B.pdb,3R8D_A.pdb,0.4200313985347748,2.625
6DUP_B.pdb,5A86_A.pdb,0.39757540822029114,2.234375
6DUP_B.pdb,4X1G_A.pdb,0.31707707047462463,2.21875
6DUP_B.pdb,4X1G_A.pdb,0.31707707047462463,2.21875
3FEH_A.pdb,3MDB_C.pdb,0.9018198847770691,2.390625
6BKY_B.pdb,5SUN_B.pdb,1.8730050325393677,2.15625
6BKY_B.pdb,5SVF_D.pdb,2.3681886196136475,2.375
6BKY_B.pdb,5LGE_B.pdb,1.478185772895813,2.46875
6BKY_B.pdb,5L57_A.pdb,1.4153393507003784,2.734375
6BKY_B.pdb,5DE1_B.pdb,1.9836459159851074,2.390625
2H40_A.pdb,1T9S_A.pdb,0.35600900650024414,2.234375
2H40_A.pdb,2CHM_A.pdb,0.29704123735427856,2.3125
2H40_A.pdb,3TGG_A.pdb,0.49135342240333557,2.359375
2H40_A.pdb,3SIE_B.pdb,0.3092809319496155,2.3125
2H40_A.pdb,5JO3_B.pdb,0.3233276903629303,2.296875
2X03_A.pdb,2WDA_A.pdb,0.5789262056350708,1.5546875
2X03_A.pdb,2WCO_A.pdb,0.6160548329353333,1.5390625
3FFQ_A.pdb,5JON_A.pdb,2.4155735969543457,4.0625
1VSK_A.pdb,1A5X_A.pdb,0.2427230030298233,2.28125
1GEH_E.pdb,3KDO_I.pdb,0.5161146521568298,2.484375
1Z5H_B.pdb,3Q7J_A.pdb,0.6883540153503418,2.265625
5K5Z_B.pdb,5K5Z_A.pdb,0.6228790283203125,2.96875
5WJ6_D.pdb,4O7D_A.pdb,0.2941226661205292,2.28125
5WJ6_D.pdb,3VP1_A.pdb,0.3266727328300476,2.21875
3RCW_B.pdb,5FG6_A.pdb,0.49204766750335693,3.0
3RCW_A.pdb,5AME_B.pdb,0.3695257008075714,2.421875
6C56_A.pdb,2Q80_D.pdb,1.4013445377349854,3.09375
6C56_A.pdb,6G31_E.pdb,1.8537828922271729,4.1875
4U43_B.pdb,4U43_A.pdb,0.3796880841255188,2.390625
4U43_B.pdb,4OBO_A.pdb,0.5555389523506165,2.515625
4U43_B.pdb,4OBP_A.pdb,0.6148755550384521,2.78125
5J95_B.pdb,4OBQ_A.pdb,0.5548791289329529,2.828125
4U3Y_A.pdb,4U42_A.pdb,0.8684740662574768,2.796875
2BVA_A.pdb,2CDZ_A.pdb,0.8812799453735352,3.265625
2BVA_A.pdb,4O0V_A.pdb,0.8260504007339478,3.359375
2BVA_A.pdb,4O0Y_A.pdb,0.8638025522232056,3.296875
2BVA_A.pdb,4O0X_A.pdb,0.8325868844985962,3.265625
2BVA_A.pdb,5BMS_A.pdb,1.0759879350662231,3.359375
3I6U_A.pdb,2W7X_A.pdb,0.8428105115890503,3.03125
3I6U_A.pdb,2CN5_A.pdb,0.8502676486968994,2.96875
3I6U_A.pdb,4A9T_A.pdb,0.8387361168861389,3.109375
3I6U_A.pdb,4A9U_A.pdb,0.8102300763130188,3.0625
3I6U_A.pdb,4BDE_A.pdb,0.7585424184799194,2.984375
5OEY_A.pdb,5OFU_A.pdb,0.5856070518493652,2.3125
3FSV_A.pdb,1I53_A.pdb,0.5942918658256531,3.5
3FSV_A.pdb,1JZJ_B.pdb,0.6300883889198303,3.53125
3FSV_A.pdb,2IWE_A.pdb,0.5667838454246521,3.53125
3FSV_A.pdb,2IDF_A.pdb,0.5980739593505859,3.640625
3FSV_A.pdb,4HHG_A.pdb,0.6633813381195068,3.75
5K12_B.pdb,3ETE_D.pdb,1.0892223119735718,3.328125
5K12_B.pdb,3ETE_D.pdb,1.0892223119735718,3.328125
5K12_B.pdb,3ETG_A.pdb,1.0807379484176636,3.265625
5K12_B.pdb,3ETE_D.pdb,1.0892223119735718,3.328125
5K12_B.pdb,3ETD_D.pdb,1.0737186670303345,3.25
2LU5_A.pdb,4A7G_F.pdb,2.7414584159851074,5.4375
2LU5_A.pdb,4A7Q_F.pdb,2.6939001083374023,5.34375
2LU5_A.pdb,4A7S_F.pdb,2.8168654441833496,5.375
2LU5_A.pdb,5O3Y_A.pdb,4.184723854064941,5.34375
2LU5_A.pdb,5O40_A.pdb,4.542221546173096,5.34375
1RLR_A.pdb,5CNS_C.pdb,0.8554230332374573,2.53125
1RLR_A.pdb,5CNS_C.pdb,0.8554230332374573,2.53125
1RLR_A.pdb,5CNS_C.pdb,0.8554230332374573,2.53125
5MHO_A.pdb,1EVU_B.pdb,18.377059936523438,2.671875
3E3L_C.pdb,2QN2_A.pdb,0.8348826169967651,2.28125
3E3L_C.pdb,2QN1_A.pdb,0.8510448932647705,2.328125
3E3L_A.pdb,1Z6Q_A.pdb,0.8370907306671143,2.640625
3E3L_A.pdb,1Z6P_A.pdb,0.8133830428123474,2.65625
3E3L_C.pdb,3CUT_A.pdb,0.8484787940979004,2.296875
4GKA_A.pdb,3GB9_B.pdb,0.3294350802898407,1.8046875
1ULA_A.pdb,3GGS_B.pdb,0.4844491481781006,2.984375
1Z7G_C.pdb,3GEP_B.pdb,1.0675036907196045,3.15625
1Z7G_C.pdb,3GGJ_B.pdb,0.9818664789199829,3.15625
1Z7G_D.pdb,4RAB_A.pdb,1.0929001569747925,3.0
1Z7G_A.pdb,4RAC_C.pdb,1.429743766784668,3.328125
1Z7G_C.pdb,4RAD_F.pdb,1.1857678890228271,2.96875
3FHI_B.pdb,1RL3_B.pdb,3.152555227279663,3.796875
3FHI_B.pdb,3PNA_A.pdb,1.9832966327667236,2.921875
3FHI_B.pdb,3PLQ_A.pdb,0.44068318605422974,2.640625
3AG9_A.pdb,2F7X_E.pdb,1.606812596321106,2.34375
3AG9_A.pdb,2OH0_E.pdb,1.6107419729232788,2.484375
3AG9_A.pdb,2F7E_E.pdb,1.4924300909042358,2.328125
3AG9_A.pdb,4YXR_A.pdb,1.3365137577056885,2.0625
3AG9_A.pdb,3ZO2_A.pdb,1.1549150943756104,2.15625
2G2F_A.pdb,2E2B_A.pdb,0.513478696346283,2.78125
2G1T_D.pdb,4XEY_B.pdb,0.867443323135376,2.921875
2G2F_A.pdb,3PYY_A.pdb,0.5628931522369385,2.78125
2G1T_A.pdb,4YC8_B.pdb,0.7046213746070862,2.890625
2G1T_A.pdb,2HZ4_A.pdb,0.9038189053535461,3.015625
2PTK_A.pdb,4LGH_A.pdb,0.7523908615112305,3.03125
2PTK_A.pdb,4FIC_A.pdb,0.7122787237167358,3.125
2PTK_A.pdb,4O2P_B.pdb,0.8131901025772095,2.96875
2PTK_A.pdb,3F3U_B.pdb,0.8526644706726074,3.078125
2PTK_A.pdb,3F3V_B.pdb,0.830780565738678,3.125
5XGN_B.pdb,3IKA_A.pdb,0.7829909920692444,3.234375
3IKA_B.pdb,3W2O_A.pdb,0.7135733962059021,2.921875
3IKA_B.pdb,4G5J_A.pdb,0.8952170014381409,3.25
3GOP_A.pdb,4I23_A.pdb,0.43459030985832214,2.890625
3IKA_B.pdb,5YU9_A.pdb,0.5576112270355225,3.25
3C3B_A.pdb,2Y3I_D.pdb,3.1956946849823,2.765625
3C3B_A.pdb,2WZD_A.pdb,3.106032609939575,2.21875
3C3B_A.pdb,2X14_A.pdb,3.024306058883667,2.25
3C3B_A.pdb,2Y3I_D.pdb,3.1956946849823,2.765625
3C3B_A.pdb,5MXM_A.pdb,2.785019636154175,2.15625
2CRK_A.pdb,1U6R_B.pdb,1.998942494392395,2.890625
2CRK_A.pdb,1U6R_B.pdb,1.998942494392395,2.890625
4AE0_A.pdb,1F0L_B.pdb,0.9730618596076965,2.5625
1HN4_B.pdb,2B00_A.pdb,0.5984511375427246,3.34375
1HN4_B.pdb,2AZZ_A.pdb,0.5619263648986816,3.3125
1HN4_B.pdb,2B03_A.pdb,0.7974185943603516,3.5625
2FBP_A.pdb,1FRP_B.pdb,0.7868677377700806,3.375
2FBP_B.pdb,1FSA_A.pdb,0.840718150138855,3.765625
2FBP_A.pdb,1FPJ_B.pdb,0.7685397863388062,3.359375
2FBP_A.pdb,4H46_A.pdb,0.7657521367073059,3.484375
1SND_B.pdb,3HEJ_D.pdb,1.3324960470199585,3.921875
1YVS_A.pdb,3KCH_A.pdb,0.32079634070396423,2.96875
1YVS_A.pdb,2F5W_C.pdb,0.2894068658351898,2.890625
3AHS_B.pdb,3AGO_A.pdb,0.3913297951221466,2.703125
1RTU_A.pdb,3AHW_A.pdb,0.40975329279899597,2.796875
4N4C_B.pdb,11BG_B.pdb,0.5688955187797546,3.328125
4N4C_B.pdb,1TQ9_B.pdb,0.5644804835319519,3.234375
4N4C_A.pdb,3DJX_A.pdb,0.6036759614944458,3.203125
4N4C_B.pdb,3DJV_B.pdb,0.4562886953353882,3.15625
3BCP_B.pdb,1N3Z_A.pdb,0.416202187538147,2.796875
3OE0_A.pdb,2RH1_A.pdb,17.117446899414062,3.90625
4IAP_A.pdb,4EKS_B.pdb,2.5562078952789307,3.15625
4IAP_A.pdb,4EKR_B.pdb,2.5682570934295654,3.1875
3JR6_A.pdb,3GUP_B.pdb,3.0410654544830322,3.8125
4N9N_A.pdb,5DSG_A.pdb,19.33539390563965,5.0625
2A0Q_D.pdb,1TBZ_H.pdb,0.44267138838768005,2.5
3SQH_E.pdb,1D9I_A.pdb,0.5929438471794128,2.953125
2A0Q_D.pdb,1A61_H.pdb,0.47158950567245483,2.453125
2A0Q_D.pdb,1A5G_H.pdb,0.43697530031204224,2.421875
2A0Q_D.pdb,1A46_H.pdb,0.49975451827049255,2.53125
1UCY_E.pdb,1ETR_H.pdb,0.4405601918697357,3.46875
1UCY_E.pdb,1ETS_H.pdb,0.4127351641654968,3.390625
1UCY_E.pdb,3PMA_D.pdb,0.33611127734184265,3.25
1C5M_D.pdb,3ENS_D.pdb,0.3999927341938019,2.609375
1C5M_D.pdb,3K9X_B.pdb,0.3856632113456726,2.5625
1C5M_D.pdb,3HPT_B.pdb,0.4001114070415497,2.53125
1FDP_A.pdb,5FBE_A.pdb,0.4524018168449402,3.0
1FDP_A.pdb,5FCK_A.pdb,0.536460280418396,3.234375
1FDP_A.pdb,5FBI_A.pdb,0.43861493468284607,3.015625
1FDP_A.pdb,5NB7_A.pdb,0.45124733448028564,3.09375
1FDP_A.pdb,5NAT_A.pdb,0.4784075617790222,3.046875
1RJX_B.pdb,1BUI_A.pdb,0.5704753398895264,3.203125
1DDJ_B.pdb,5UGG_A.pdb,0.45783814787864685,2.53125
1DDJ_B.pdb,5UGD_A.pdb,0.47848790884017944,2.484375
4DW2_U.pdb,1GJ7_B.pdb,0.9995774626731873,3.578125
4DW2_U.pdb,1GJC_B.pdb,0.9961195588111877,3.546875
4DW2_U.pdb,1GI9_B.pdb,1.0176295042037964,3.578125
4DW2_U.pdb,1GI7_B.pdb,0.9872198104858398,3.515625
4DW2_U.pdb,4H42_U.pdb,0.8924853801727295,3.53125
1TGN_A.pdb,1O3J_A.pdb,0.29045626521110535,2.4375
1TGN_A.pdb,1O2Z_A.pdb,0.3246742784976959,2.5
1TGN_A.pdb,3UPE_A.pdb,0.2982049882411957,2.3125
1TGN_A.pdb,3UUZ_B.pdb,0.3584132790565491,2.359375
1TGN_A.pdb,3V13_A.pdb,0.352073609828949,2.515625
5XWA_B.pdb,1S5S_A.pdb,0.35963162779808044,3.28125
5XW9_B.pdb,2A32_A.pdb,0.3391965925693512,3.078125
5XW9_B.pdb,1S84_A.pdb,0.24167700111865997,3.078125
5XW9_B.pdb,1S83_A.pdb,0.35652753710746765,3.21875
5XWA_B.pdb,1S6H_A.pdb,0.3056383430957794,3.046875
3PSG_A.pdb,1PSA_B.pdb,0.6935733556747437,3.171875
3VCM_B.pdb,1BIL_A.pdb,0.9507999420166016,2.609375
3VCM_B.pdb,1HRN_A.pdb,1.051351547241211,2.71875
3VCM_B.pdb,4GJ5_A.pdb,0.9764352440834045,2.625
3VCM_B.pdb,4GJ7_A.pdb,1.1327546834945679,2.625
3VCM_B.pdb,4GJ8_B.pdb,0.6289656758308411,2.578125
3APP_A.pdb,1PPK_E.pdb,0.20808188617229462,0.98828125
3APP_A.pdb,1PPM_E.pdb,0.15794333815574646,0.99609375
3APP_A.pdb,1PPL_E.pdb,0.15016794204711914,1.0
3APP_A.pdb,1PPM_E.pdb,0.15794333815574646,0.99609375
3S04_B.pdb,1B12_C.pdb,0.40889644622802734,2.34375
3S04_B.pdb,6B88_B.pdb,0.3822472393512726,2.21875
2JIZ_L.pdb,1E79_D.pdb,3.954174041748047,2.59375
2JIZ_L.pdb,1NBM_F.pdb,3.8884828090667725,2.84375
2JIZ_L.pdb,2JDI_D.pdb,3.9729623794555664,2.5625
2JIZ_L.pdb,1H8E_D.pdb,4.080909729003906,2.5
3LGE_D.pdb,1ADO_A.pdb,0.24194476008415222,1.75
1EX5_A.pdb,1ZAI_C.pdb,0.6322020888328552,2.84375
3LGE_A.pdb,3TU9_C.pdb,0.22859397530555725,1.4453125
1EWD_A.pdb,1ZAJ_A.pdb,0.4565911591053009,2.1875
3LGE_A.pdb,5TLH_A.pdb,0.22180382907390594,1.375
5UQS_A.pdb,4CTS_B.pdb,0.7921949625015259,3.21875
5UQS_A.pdb,2CTS_A.pdb,0.8703670501708984,2.53125
3RLD_A.pdb,5GMN_A.pdb,0.3846284747123718,2.109375
1TTP_A.pdb,2CLH_A.pdb,0.5704262852668762,2.734375
1TTP_A.pdb,2CLL_A.pdb,0.5311142206192017,2.875
1A5A_A.pdb,1A5S_A.pdb,0.3965674638748169,2.46875
1A5A_A.pdb,2TSY_A.pdb,0.5932825803756714,2.640625
1A5A_A.pdb,2TRS_A.pdb,0.5599303245544434,2.640625
1D2R_B.pdb,5DK4_A.pdb,2.7321105003356934,2.984375
1D2R_B.pdb,2OV4_A.pdb,2.602144956588745,2.671875
1D2R_B.pdb,2OV4_A.pdb,2.602144956588745,2.671875
1D2R_B.pdb,5DK4_A.pdb,2.7321105003356934,2.984375
1D2R_B.pdb,1I6L_A.pdb,2.6345791816711426,3.1875
1BR8_L.pdb,1TB6_I.pdb,1.5192012786865234,3.4375
1ANT_I.pdb,1AZX_I.pdb,0.9816194176673889,3.484375
1OO8_A.pdb,1IZ2_A.pdb,1.9616338014602661,3.21875
1QMN_A.pdb,5OM7_A.pdb,0.8304614424705505,3.0625
4NYI_R.pdb,4DLV_A.pdb,0.6517760157585144,3.515625
4NYI_R.pdb,1CLU_A.pdb,0.5541350245475769,3.328125
4NYI_R.pdb,2EVW_X.pdb,0.6251287460327148,3.625
4NYI_R.pdb,1GNP_A.pdb,0.7174338698387146,3.703125
4NYI_R.pdb,5VBE_A.pdb,0.5847362875938416,3.546875
1BTG_A.pdb,4XPJ_B.pdb,0.7251352667808533,2.640625
1BTG_A.pdb,4EAX_B.pdb,0.7610087394714355,2.609375
2ZJC_A.pdb,5MU8_d.pdb,0.6341301798820496,3.09375
3SEB_A.pdb,1SE4_A.pdb,0.3067643642425537,2.5
1S5F_A.pdb,2A5F_B.pdb,0.8144048452377319,3.265625
4UNT_F.pdb,1A8J_H.pdb,0.8371523022651672,4.03125
4UNT_F.pdb,4UNU_A.pdb,0.4272298812866211,2.640625
4UNT_F.pdb,5ACM_A.pdb,0.5288800597190857,2.734375
4UNT_F.pdb,5ACL_A.pdb,0.49456971883773804,2.671875
1NQB_C.pdb,1NGP_H.pdb,1.2469531297683716,3.53125
1OCW_H.pdb,1OAR_I.pdb,1.2017475366592407,4.5
1NQB_A.pdb,2BJM_H.pdb,1.2759476900100708,4.125
1OM3_L.pdb,1I7Z_A.pdb,4.7982964515686035,2.4375
6DCW_L.pdb,1OP3_L.pdb,4.9422926902771,2.453125
1E4X_M.pdb,1A3L_L.pdb,3.1505582332611084,2.421875
1E4X_M.pdb,2AJV_L.pdb,3.3897593021392822,2.1875
1E4X_M.pdb,2AJY_L.pdb,3.991126537322998,2.375
1R3J_A.pdb,25C8_L.pdb,3.727701425552368,2.796875
1R3J_A.pdb,35C8_L.pdb,3.6672089099884033,2.5
1FP5_A.pdb,5MOL_B.pdb,1.446738362312317,2.953125
2RCS_H.pdb,1AJ7_H.pdb,6.99165678024292,2.65625
6DCW_H.pdb,1N7M_L.pdb,6.634352684020996,3.03125
6DCW_H.pdb,1D6V_H.pdb,5.5632476806640625,3.0
5V43_B.pdb,3WN5_E.pdb,7.762639999389648,2.890625
3MCL_H.pdb,3TWC_H.pdb,7.9613752365112305,3.25
1GGI_J.pdb,1IGT_B.pdb,2.511052370071411,3.515625
1GGI_J.pdb,1YEK_H.pdb,4.010681629180908,3.625
1GGI_J.pdb,1YEC_H.pdb,4.024428844451904,3.5625
1FLR_H.pdb,1NCW_H.pdb,4.835450649261475,3.671875
1GGC_H.pdb,3FO9_B.pdb,4.639768123626709,3.515625
1FPT_H.pdb,4FAB_H.pdb,5.1962409019470215,4.625
1FLR_H.pdb,1YEE_H.pdb,4.175193786621094,3.46875
1SEQ_H.pdb,1DBB_H.pdb,5.317867755889893,3.4375
1SEQ_H.pdb,1DBM_H.pdb,5.320535182952881,3.390625
2DBL_H.pdb,1R3L_B.pdb,5.666563034057617,3.328125
1SEQ_H.pdb,1DBK_H.pdb,5.331334590911865,3.53125
1SEQ_H.pdb,1DBJ_H.pdb,5.381824493408203,3.3125
1C12_B.pdb,1A0Q_H.pdb,3.7705042362213135,3.59375
1UFP_A.pdb,2EB8_A.pdb,0.4953899085521698,2.875
2KLR_A.pdb,4M5S_A.pdb,3.4405598640441895,4.625
1NCZ_A.pdb,1YTZ_C.pdb,1.6151220798492432,3.640625
3MM0_H.pdb,2A5B_A.pdb,0.4459359645843506,2.703125
3MM0_C.pdb,2A5C_A.pdb,0.5274674296379089,3.140625
3MM0_G.pdb,5CHK_A.pdb,0.5072465538978577,2.640625
2CAM_A.pdb,4I60_A.pdb,0.488558828830719,2.796875
3MM0_E.pdb,4JHQ_B.pdb,0.47143545746803284,2.734375
2CG6_A.pdb,2RKZ_B.pdb,5.585377216339111,2.4375
1G1O_B.pdb,4FI6_B.pdb,0.5944217443466187,3.046875
1G1O_B.pdb,4FI7_B.pdb,0.6101893782615662,3.09375
1G1O_B.pdb,4FI8_B.pdb,0.5620927214622498,3.046875
1G1O_B.pdb,4PWG_B.pdb,0.5845299959182739,2.953125
1G1O_B.pdb,4HJU_B.pdb,0.5828052759170532,3.15625
1UOR_A.pdb,4LA0_A.pdb,1.3304880857467651,4.5625
1UOR_A.pdb,3UIV_H.pdb,3.974281072616577,4.75
1UOR_A.pdb,5UJB_B.pdb,1.2142778635025024,4.53125
1UOR_A.pdb,5GIX_B.pdb,4.174981594085693,4.71875
1UOR_A.pdb,5YB1_A.pdb,4.358793258666992,4.78125
3SKP_A.pdb,4H0W_A.pdb,6.161983489990234,2.828125
5GN8_A.pdb,4DZ0_A.pdb,0.46905890107154846,2.984375
5GN8_A.pdb,5UP8_A.pdb,0.4383871257305145,3.21875
5GN8_A.pdb,5UP9_B.pdb,0.41674819588661194,3.015625
2AKP_A.pdb,2XX2_A.pdb,0.9517900347709656,3.53125
2AKP_A.pdb,2XX4_A.pdb,0.9587251543998718,3.546875
2AKP_A.pdb,2XX5_A.pdb,0.9142633676528931,3.421875
2AKP_A.pdb,4AS9_A.pdb,0.9066895246505737,3.515625
2AKP_A.pdb,4ASA_A.pdb,0.857527494430542,3.46875
3MK9_A.pdb,4ESI_A.pdb,0.4530644118785858,3.125
3MK9_A.pdb,4Q2V_A.pdb,0.4589962959289551,2.9375
3MK9_A.pdb,4HV7_X.pdb,0.4209064543247223,2.921875
3MK9_A.pdb,4HV3_A.pdb,0.4222654700279236,3.0
3MK9_A.pdb,4HUP_X.pdb,0.4263637661933899,2.9375
2CFQ_A.pdb,6C9W_A.pdb,4.002521991729736,4.25
2WRZ_B.pdb,1APB_A.pdb,10.347403526306152,2.546875
2WRZ_B.pdb,1APB_A.pdb,10.347403526306152,2.546875
2WRZ_B.pdb,1BAP_A.pdb,10.345832824707031,2.5
2WRZ_B.pdb,1BAP_A.pdb,10.345832824707031,2.5
2WRZ_B.pdb,9ABP_A.pdb,10.357389450073242,2.609375
1BA2_A.pdb,1DBP_A.pdb,6.414492607116699,2.296875
1WAT_A.pdb,2LIG_A.pdb,1.3630942106246948,4.625
5VN7_B.pdb,1CWQ_A.pdb,0.4463111162185669,3.015625
4BMG_B.pdb,5E0I_A.pdb,0.7882026433944702,3.484375
3KXS_F.pdb,5GMZ_E.pdb,0.9033257365226746,3.1875
1E2H_A.pdb,2KI5_B.pdb,0.31819629669189453,2.046875
1E2H_A.pdb,1QHI_B.pdb,0.37645387649536133,2.09375
1E2H_A.pdb,4OQL_B.pdb,0.3173101246356964,2.015625
4EKF_A.pdb,4PID_A.pdb,0.3946287930011749,2.953125
4EKF_A.pdb,4PIE_A.pdb,0.35395991802215576,2.953125
1RDR_A.pdb,1RA7_A.pdb,0.4634917080402374,2.6875
1PO1_2.pdb,1POV_0.pdb,0.25624191761016846,1.984375
3G29_A.pdb,3G26_A.pdb,0.6009116768836975,3.09375
5TER_B.pdb,4IDK_A.pdb,9.665261268615723,3.578125
5TER_B.pdb,4IFY_A.pdb,9.702919006347656,3.546875
5TER_B.pdb,4I2Q_A.pdb,10.088549613952637,3.765625
5TER_B.pdb,4ICL_A.pdb,9.83727741241455,3.546875
5TW3_B.pdb,1SUQ_A.pdb,10.878922462463379,4.1875
3UHL_A.pdb,2Z4O_B.pdb,1.1859008073806763,3.046875
3UHL_A.pdb,3PWM_B.pdb,1.199345588684082,3.234375
3UHL_A.pdb,3NLS_B.pdb,1.1081600189208984,3.046875
3UHL_A.pdb,3KDB_B.pdb,1.1703628301620483,2.984375
3UHL_A.pdb,3VF5_B.pdb,1.1923075914382935,3.109375
4Q13_A.pdb,3UUC_D.pdb,0.39440420269966125,2.96875
2B23_A.pdb,4XI3_A.pdb,0.4674036502838135,2.90625
2B23_A.pdb,3DT3_A.pdb,0.4008248746395111,2.90625
2B23_A.pdb,5TNB_B.pdb,0.3289913535118103,2.765625
4Q13_A.pdb,5TN9_B.pdb,0.3464997112751007,2.75
4UC9_C.pdb,4UCD_B.pdb,0.3238077759742737,1.8046875
4UC9_C.pdb,4UCC_B.pdb,0.32934674620628357,1.96875
4CCF_D.pdb,5EA3_F.pdb,1.411583423614502,3.125
4CCF_D.pdb,5EA4_F.pdb,1.5206133127212524,3.21875
4CCF_D.pdb,5EA7_F.pdb,1.3346832990646362,3.15625
4CCF_D.pdb,5EA6_F.pdb,1.413797378540039,3.125
4CCF_D.pdb,5EA8_F.pdb,1.7211624383926392,3.234375
4U6O_A.pdb,3WI1_A.pdb,0.37395307421684265,2.609375
1QU1_F.pdb,3EYM_F.pdb,8.20550537109375,5.34375
3VKW_A.pdb,3WRY_C.pdb,2.0417563915252686,2.4375
1E0J_C.pdb,1E0J_A.pdb,0.43511995673179626,1.9765625
1H0D_C.pdb,5M9M_A.pdb,0.4803544282913208,3.015625
1H0D_C.pdb,5M9V_A.pdb,0.6107309460639954,2.8125
1CGF_A.pdb,1CGL_A.pdb,0.4352204501628876,2.40625
3GDM_A.pdb,3GDL_B.pdb,0.5323657989501953,2.453125
3GDM_A.pdb,1DQX_B.pdb,0.5941517949104309,2.578125
2Q6B_B.pdb,1DQ9_D.pdb,0.2973439693450928,2.140625
1ARZ_A.pdb,1ARZ_D.pdb,3.5107481479644775,2.53125
5KY6_B.pdb,4ALD_A.pdb,0.31901314854621887,2.265625
2C9M_A.pdb,1WPG_B.pdb,11.029057502746582,3.4375
2C9M_A.pdb,3AR7_A.pdb,12.570756912231445,3.359375
2C9M_A.pdb,3AR6_A.pdb,12.80972957611084,3.359375
2C9M_B.pdb,5NCQ_A.pdb,9.996010780334473,3.328125
2C9M_A.pdb,4BEW_A.pdb,11.252739906311035,3.5
3BTU_D.pdb,3BTS_B.pdb,0.48617732524871826,2.484375
3ZQG_A.pdb,3FK7_A.pdb,1.9539604187011719,3.265625
2NS7_B.pdb,4AC0_A.pdb,0.7656059265136719,3.171875
1JEJ_A.pdb,1QKJ_A.pdb,1.609063982963562,2.546875
5HFL_C.pdb,5HFM_F.pdb,1.6562535762786865,3.5625
1JLA_B.pdb,1C1C_A.pdb,9.35112190246582,3.90625
1JLA_B.pdb,4KV8_A.pdb,10.36839771270752,3.609375
1JLA_B.pdb,4NCG_A.pdb,9.673931121826172,3.75
1JLA_B.pdb,3FFI_A.pdb,9.938121795654297,3.734375
1JLA_B.pdb,3T1A_A.pdb,10.041769027709961,3.6875
6D22_A.pdb,5KMK_A.pdb,0.6243983507156372,2.546875
6D22_A.pdb,5KMJ_A.pdb,0.6661896109580994,2.46875
4F0I_A.pdb,4PMT_A.pdb,0.5897828936576843,2.71875
4GT5_A.pdb,5KML_A.pdb,0.4120795428752899,2.46875
4GT5_A.pdb,5KMN_A.pdb,0.4665561020374298,2.5
4MZI_A.pdb,5LAP_A.pdb,0.3563478887081146,2.078125
4MZI_A.pdb,5O1I_A.pdb,0.3489757478237152,2.125
4MZI_A.pdb,5O1G_A.pdb,0.34682679176330566,2.125
4MZI_A.pdb,5O1H_A.pdb,0.35503536462783813,2.109375
4MZI_A.pdb,5O1F_A.pdb,0.3528091013431549,2.109375
1GOT_A.pdb,3V00_B.pdb,0.7684211730957031,3.671875
5RUB_A.pdb,5HQM_A.pdb,0.45220333337783813,2.828125
3Q37_C.pdb,2VEM_B.pdb,0.7601351737976074,3.296875
3Q37_C.pdb,2VEK_B.pdb,0.7427409887313843,3.28125
2X1U_B.pdb,1TSI_A.pdb,0.7587447166442871,3.09375
3Q37_C.pdb,2X2G_B.pdb,0.7992328405380249,3.234375
3GH0_A.pdb,1I00_B.pdb,0.722032368183136,2.984375
3GH2_X.pdb,2ONB_A.pdb,0.31031766533851624,2.3125
3GH0_A.pdb,5X67_B.pdb,0.4670449495315552,2.671875
3GH0_A.pdb,5X69_E.pdb,0.6147018074989319,2.75
2RDA_A.pdb,4E28_A.pdb,0.6405820250511169,3.046875
1VH1_D.pdb,3K8D_D.pdb,2.5232882499694824,2.71875
1VH1_D.pdb,3K8D_D.pdb,2.5232882499694824,2.71875
1Z7H_A.pdb,5N0B_A.pdb,0.4575991630554199,3.234375
5LOC_A.pdb,3DAP_B.pdb,0.7432434558868408,2.546875
5LOC_A.pdb,5LOA_B.pdb,0.6702821850776672,2.359375
5LOC_A.pdb,3DAP_B.pdb,0.7432434558868408,2.546875
5LOC_A.pdb,2DAP_A.pdb,0.5866073369979858,2.578125
5LOC_A.pdb,1F06_B.pdb,0.8258711695671082,2.59375
2DSR_I.pdb,1IMX_A.pdb,0.969714343547821,3.890625
4PQD_A.pdb,3KTM_F.pdb,0.428922563791275,2.90625
3NYL_A.pdb,5BUO_A.pdb,2.9101085662841797,4.125
4PD3_B.pdb,1G8X_B.pdb,8.481365203857422,4.03125
4PD3_A.pdb,5I4E_A.pdb,15.196135520935059,3.609375
2P28_B.pdb,5E6V_A.pdb,0.9430130124092102,3.296875
1DVN_A.pdb,1A7C_A.pdb,0.68619704246521,2.65625
1C5G_A.pdb,4G8O_D.pdb,1.4191060066223145,3.359375
1DVN_A.pdb,3UT3_B.pdb,1.268095850944519,3.046875
1C5G_A.pdb,4IC0_C.pdb,1.4794670343399048,3.296875
1B3K_A.pdb,4AQH_B.pdb,1.4321990013122559,3.359375
4DFY_E.pdb,3FHI_A.pdb,1.8702467679977417,2.796875
1SYK_A.pdb,1RDQ_E.pdb,1.2055481672286987,2.625
4DFY_E.pdb,1FMO_E.pdb,2.110255718231201,2.953125
4DFY_E.pdb,1BKX_A.pdb,2.217355966567993,3.3125
4DFY_E.pdb,4IAC_A.pdb,2.2670986652374268,2.71875
1GYL_B.pdb,1AL8_A.pdb,2.1057071685791016,4.9375
1GYL_B.pdb,2A7P_A.pdb,2.1255836486816406,5.46875
1GYL_B.pdb,1HUV_A.pdb,2.1862967014312744,5.5
1GYL_B.pdb,2A85_A.pdb,2.1276464462280273,5.4375
4YIA_A.pdb,4X30_A.pdb,0.698233425617218,2.71875
1P14_A.pdb,1IR3_A.pdb,0.46252527832984924,2.046875
1GAG_A.pdb,3ETA_A.pdb,0.9303959012031555,2.53125
1GAG_A.pdb,5E1S_A.pdb,0.5946362018585205,2.421875
1GAG_A.pdb,5HHW_A.pdb,0.6988391876220703,2.40625
1P14_A.pdb,4XLV_A.pdb,0.4807768762111664,2.328125
3LCK_A.pdb,2PL0_A.pdb,1.2663387060165405,2.734375
3LCK_A.pdb,3B2W_A.pdb,0.9043608903884888,2.5
3LCK_A.pdb,2OFV_B.pdb,0.9684123992919922,2.8125
3LCK_A.pdb,3MPM_A.pdb,0.653431236743927,2.515625
3LCK_A.pdb,4C3F_A.pdb,0.6941100358963013,2.609375
2GUM_C.pdb,3NWA_D.pdb,0.9487893581390381,2.3125
1CYY_A.pdb,1CY8_A.pdb,4.242643356323242,2.734375
1CYY_A.pdb,1CY1_A.pdb,4.273341178894043,2.78125
1CYY_A.pdb,1CY0_A.pdb,4.597695350646973,2.578125
1BIA_A.pdb,2EWN_B.pdb,1.6232839822769165,3.015625
3TF2_B.pdb,2V8W_E.pdb,0.37241947650909424,2.71875
3TF2_C.pdb,4TPW_A.pdb,0.3595784604549408,2.734375
3TF2_A.pdb,4TQC_A.pdb,0.3354586958885193,2.578125
3TF2_C.pdb,4TQB_A.pdb,0.3462635576725006,2.640625
3TF2_A.pdb,4TQC_A.pdb,0.3354586958885193,2.578125
1IRM_B.pdb,1IX3_A.pdb,0.9559746980667114,3.984375
3V7L_A.pdb,1BPE_A.pdb,1.6699000597000122,4.65625
2USH_A.pdb,1HO5_A.pdb,0.6641780734062195,2.171875
2USH_A.pdb,1HPU_C.pdb,0.6608221530914307,1.9765625
1OIE_A.pdb,4WWL_A.pdb,0.6191338300704956,1.765625
4EKZ_A.pdb,3UEM_A.pdb,1.5100713968276978,2.6875
2OGV_A.pdb,2I0V_A.pdb,0.8059834837913513,3.046875
2OGV_A.pdb,2I1M_A.pdb,0.8723359704017639,2.875
2OGV_A.pdb,3DPK_A.pdb,0.7955756187438965,2.828125
2OGV_A.pdb,3LCD_A.pdb,0.9500418305397034,3.078125
2OGV_A.pdb,3BEA_A.pdb,0.9565901756286621,2.859375
4HNY_D.pdb,4XNH_B.pdb,0.6440593004226685,3.03125
1OBP_A.pdb,1GT3_B.pdb,0.5066439509391785,2.359375
1OBP_A.pdb,1GT5_B.pdb,0.4856124222278595,2.390625
1OBP_A.pdb,1GT1_B.pdb,0.49749788641929626,2.3125
1OBP_A.pdb,1GT1_B.pdb,0.49749788641929626,2.3125
1OBP_A.pdb,1G85_B.pdb,0.5078330039978027,2.34375
4K1U_A.pdb,4CDL_A.pdb,1.0161488056182861,3.59375
1OSA_A.pdb,5E1N_A.pdb,0.48799315094947815,3.140625
1NUA_B.pdb,1DQS_B.pdb,1.754339337348938,2.625
1NUA_B.pdb,1DQS_B.pdb,1.754339337348938,2.625
1NUA_B.pdb,1NVF_C.pdb,1.5368646383285522,2.46875
1N69_B.pdb,1N69_A.pdb,3.0640482902526855,3.71875
1N69_B.pdb,4V2O_C.pdb,1.3900223970413208,3.4375
2JHE_D.pdb,2JHE_A.pdb,5.173152923583984,2.8125
3EZ7_A.pdb,3EZ6_A.pdb,1.1204127073287964,3.9375
1CJL_A.pdb,2XU1_D.pdb,0.301803857088089,4.15625
1CJL_A.pdb,5F02_A.pdb,0.328832745552063,4.0625
1CJL_A.pdb,5MAJ_A.pdb,0.3271483778953552,4.0625
1CJL_A.pdb,5MAE_A.pdb,0.302079439163208,4.0625
1CJL_A.pdb,3HWN_A.pdb,0.4303007423877716,4.34375
1T8P_B.pdb,2F90_B.pdb,0.5853748321533203,2.546875
1T8P_B.pdb,2HHJ_B.pdb,0.5669481158256531,2.46875
1T8P_B.pdb,2HHJ_A.pdb,0.6446533799171448,2.546875
2H98_B.pdb,3GLB_B.pdb,1.3541362285614014,2.640625
3PBH_A.pdb,1CSB_E.pdb,0.4166828393936157,3.046875
3PBH_A.pdb,1GMY_B.pdb,0.38628795742988586,3.21875
3PBH_A.pdb,1GMY_B.pdb,0.38628795742988586,3.21875
3PBH_A.pdb,1GMY_B.pdb,0.38628795742988586,3.21875
3PBH_A.pdb,6AY2_B.pdb,0.4064148962497711,3.171875
6GP4_A.pdb,3T1K_B.pdb,0.32733115553855896,2.171875
6GP4_A.pdb,3T2S_A.pdb,0.3129393756389618,2.171875
5J2V_A.pdb,4YKW_A.pdb,0.6341809034347534,2.703125
1FGX_A.pdb,1NWG_D.pdb,0.4590722322463989,2.53125
1FGX_A.pdb,1TW5_A.pdb,0.2992289662361145,2.234375
1FGX_A.pdb,1TW1_B.pdb,0.33585837483406067,2.3125
1FGX_A.pdb,2FYD_D.pdb,0.31963294744491577,2.296875
1FGX_A.pdb,4KRV_A.pdb,0.3283786475658417,2.453125
1P4O_B.pdb,1JQH_A.pdb,0.6173211336135864,2.5625
1P4O_B.pdb,1K3A_A.pdb,0.5286654233932495,2.546875
1P4O_B.pdb,2ZM3_A.pdb,0.512036919593811,2.875
1P4O_B.pdb,5HZN_E.pdb,0.7102511525154114,2.4375
1P4O_B.pdb,3F5P_E.pdb,0.6754390597343445,3.046875
1P35_C.pdb,1I3S_B.pdb,0.6114909052848816,3.1875
4J2Q_B.pdb,3UGX_D.pdb,2.40970516204834,3.578125
3GAR_A.pdb,1GAR_A.pdb,0.44494447112083435,2.84375
4C41_A.pdb,2VDY_A.pdb,0.9228800535202026,2.5
4XOD_A.pdb,4X5R_B.pdb,2.231107711791992,3.515625
4XOD_A.pdb,4X5Q_A.pdb,2.207909345626831,3.46875
4XOD_A.pdb,4X5P_A.pdb,2.2946009635925293,3.53125
4XOD_A.pdb,4X50_A.pdb,2.1892831325531006,3.53125
4XOD_A.pdb,5CGB_A.pdb,2.200605630874634,3.5
3LCB_C.pdb,1HJ6_A.pdb,2.972975015640259,2.5
3LCB_C.pdb,1AI2_A.pdb,2.5576789379119873,2.328125
3LCB_C.pdb,4AJC_A.pdb,2.462563991546631,2.21875
3LCB_C.pdb,4AJ3_A.pdb,3.06638503074646,2.359375
1SLM_A.pdb,1G4K_B.pdb,0.3911445140838623,2.515625
1SLM_A.pdb,1CAQ_A.pdb,0.42393964529037476,2.421875
1SLM_A.pdb,1D8M_B.pdb,0.34007754921913147,2.453125
1SLM_A.pdb,1G49_B.pdb,0.36656779050827026,2.453125
1SLM_A.pdb,2D1O_B.pdb,0.2821822464466095,2.328125
3A6S_A.pdb,3A6T_A.pdb,0.5462397336959839,2.9375
3A6S_A.pdb,3A6T_A.pdb,0.5462397336959839,2.9375
1SCE_C.pdb,1PUC_A.pdb,0.5154597163200378,2.546875
4MID_A.pdb,2ARP_A.pdb,0.960242748260498,3.28125
1BG5_A.pdb,1GNE_A.pdb,0.8602511882781982,4.0625
1R1W_A.pdb,3U6H_A.pdb,0.7935177087783813,2.6875
1R1W_A.pdb,3U6I_A.pdb,0.7900655269622803,2.625
2G15_A.pdb,4GG5_A.pdb,0.5221942663192749,3.03125
2G15_A.pdb,4GG7_A.pdb,0.6062658429145813,2.921875
2G15_A.pdb,4DEG_A.pdb,0.4534332752227783,2.984375
1HAV_B.pdb,1QA7_B.pdb,0.8166987895965576,3.015625
3NHN_A.pdb,2C0O_A.pdb,2.8843493461608887,3.203125
3NHN_A.pdb,2C0I_A.pdb,2.8051393032073975,3.109375
3NHN_A.pdb,1AD5_A.pdb,3.0568692684173584,3.53125
3NHN_A.pdb,3VRY_A.pdb,2.9689853191375732,3.328125
3NHN_A.pdb,3VS7_B.pdb,3.216137170791626,3.328125
5DV9_A.pdb,4G37_B.pdb,1.0448681116104126,2.46875
5DV9_A.pdb,4G37_B.pdb,1.0448681116104126,2.46875
5L2Z_L.pdb,4YLQ_L.pdb,0.5028840899467468,2.640625
5L2Z_L.pdb,1J9C_L.pdb,0.602235734462738,2.96875
5L2Z_L.pdb,2EC9_L.pdb,0.45663055777549744,2.6875
1ANX_C.pdb,1HAK_B.pdb,0.6830374002456665,3.203125
2AKA_A.pdb,1FMW_A.pdb,3.282318115234375,2.5625
2AKA_A.pdb,1VOM_A.pdb,2.8606908321380615,2.640625
2AKA_A.pdb,2XEL_A.pdb,2.982889413833618,2.890625
2AKA_A.pdb,3MYK_X.pdb,2.5271782875061035,2.453125
2AKA_A.pdb,4AE3_A.pdb,2.83587908744812,2.578125
3G4N_A.pdb,3C0O_A.pdb,0.9996632933616638,1.8828125
1PWE_E.pdb,1PWH_A.pdb,0.7356862425804138,3.078125
1QHM_A.pdb,1H17_A.pdb,0.7996470928192139,2.5
1QHM_A.pdb,1H16_A.pdb,0.8254165053367615,2.515625
3W59_D.pdb,4Q1P_A.pdb,0.670966386795044,2.890625
3W59_D.pdb,4Q1R_B.pdb,0.45177751779556274,2.890625
3W59_D.pdb,4Q27_B.pdb,0.414239764213562,2.984375
3W59_D.pdb,4Q2F_A.pdb,0.7195078730583191,2.953125
3W59_D.pdb,4Y1Z_B.pdb,0.6215808987617493,3.34375
2NRF_A.pdb,3UBB_A.pdb,0.5613787174224854,2.9375
2NRF_A.pdb,3ZMH_A.pdb,0.36329638957977295,2.640625
2NRF_A.pdb,3TXT_A.pdb,0.3432978391647339,2.75
2NRF_A.pdb,2XOW_A.pdb,0.5001001954078674,2.875
2NRF_A.pdb,3ZMJ_A.pdb,0.3308889865875244,2.78125
4YHD_C.pdb,3M3R_G.pdb,0.6125144362449646,3.234375
3LB9_C.pdb,3VZM_A.pdb,0.43515241146087646,2.59375
4J1Y_A.pdb,1ELV_A.pdb,0.559286892414093,2.578125
3V92_B.pdb,3V99_A.pdb,0.3458709716796875,2.140625
5NIE_C.pdb,4MKT_A.pdb,0.7394817471504211,2.234375
5NIE_C.pdb,3FUF_A.pdb,0.7288457155227661,2.34375
5NIE_C.pdb,3FTV_A.pdb,0.7242165207862854,2.171875
5NIE_C.pdb,3FUE_A.pdb,0.7347320318222046,2.296875
5NIE_C.pdb,3FUJ_A.pdb,0.7437713146209717,2.25
1JFV_A.pdb,1RXE_A.pdb,0.2976953685283661,3.0625
3VPA_B.pdb,3VOB_A.pdb,4.23093843460083,4.1875
3VPA_B.pdb,3VOB_A.pdb,4.23093843460083,4.1875
3VPA_B.pdb,3WGN_B.pdb,4.253181457519531,4.34375
3VPA_B.pdb,3WGM_A.pdb,4.11705207824707,4.125
2JGV_C.pdb,2JG1_C.pdb,0.846008837223053,2.0625
2JGV_C.pdb,2JG1_C.pdb,0.846008837223053,2.0625
3BTC_E.pdb,3BR5_A.pdb,3.4031591415405273,3.03125
3BTC_E.pdb,3BR3_A.pdb,2.949857234954834,3.28125
3BTC_E.pdb,3BTI_A.pdb,3.2865381240844727,3.203125
3BTC_E.pdb,3BTJ_A.pdb,3.4277477264404297,3.09375
3BTC_E.pdb,3BTL_A.pdb,3.3037056922912598,3.171875
1JTY_E.pdb,1JT6_A.pdb,3.492885112762451,3.25
1JTY_E.pdb,1JTX_A.pdb,3.4792418479919434,3.4375
1JTY_E.pdb,1JUM_A.pdb,3.617520809173584,3.40625
1JTY_E.pdb,2GBY_A.pdb,3.3840768337249756,3.3125
1JTY_E.pdb,1RPW_B.pdb,3.4169821739196777,3.25
2G0E_E.pdb,2G0E_D.pdb,3.08341383934021,3.203125
3NGK_A.pdb,4QIF_A.pdb,0.31706786155700684,2.84375
4E1V_I.pdb,1Y1Q_C.pdb,0.33869582414627075,2.3125
1Y1T_F.pdb,1Y1R_B.pdb,0.30531927943229675,1.8828125
1Y1T_F.pdb,2PGA_B.pdb,0.27611514925956726,2.015625
1Y1T_F.pdb,2HN9_B.pdb,0.3408263921737671,1.953125
1Y1T_F.pdb,4OGK_F.pdb,0.6651949286460876,2.90625
3LW9_B.pdb,2X4A_A.pdb,1.0391865968704224,3.796875
2WE4_D.pdb,2WE5_A.pdb,0.6728266477584839,2.515625
1JVM_B.pdb,5VKE_C.pdb,1.0735352039337158,3.6875
1JVM_B.pdb,5VKE_C.pdb,1.0735352039337158,3.6875
1QY7_A.pdb,2XBP_A.pdb,0.4937807619571686,3.3125
1PTA_A.pdb,1PSC_B.pdb,0.7210162281990051,3.078125
1PTA_A.pdb,1EZ2_A.pdb,0.7564865946769714,3.09375
1PTA_A.pdb,2OQL_B.pdb,0.7812005281448364,3.203125
1PTA_A.pdb,3URB_B.pdb,0.748600959777832,3.3125
1PTA_A.pdb,3CAK_B.pdb,0.759041965007782,3.203125
3LA7_B.pdb,3LA3_B.pdb,1.8025779724121094,3.046875
1OEL_F.pdb,1AON_G.pdb,3.897939443588257,3.375
1TYF_B.pdb,2FZS_B.pdb,0.2880209684371948,2.125
1DO0_F.pdb,1DO0_E.pdb,1.5078576803207397,2.859375
1DO0_F.pdb,1HQY_F.pdb,1.5867979526519775,3.203125
1DO0_F.pdb,1E94_E.pdb,1.5716384649276733,3.1875
1DO0_F.pdb,5JI3_F.pdb,1.2597543001174927,3.15625
1CKE_A.pdb,1KDO_B.pdb,3.1314170360565186,3.015625
1CKE_A.pdb,1KDR_B.pdb,2.8267245292663574,3.421875
1CKE_A.pdb,2CMK_A.pdb,2.787489652633667,2.921875
1CKE_A.pdb,2FEO_A.pdb,2.9233286380767822,3.75
1CKE_A.pdb,1KDT_B.pdb,2.9165637493133545,3.0625
1VIY_C.pdb,1VHL_A.pdb,0.4758881628513336,2.4375
1T3H_C.pdb,1VHT_C.pdb,0.2752724587917328,2.734375
1VIY_A.pdb,6ARI_A.pdb,0.8404216766357422,2.625
3D1J_A.pdb,3CX4_A.pdb,2.0650713443756104,2.09375
3D1J_A.pdb,3CX4_A.pdb,2.0650713443756104,2.09375
3D1J_A.pdb,3GUH_A.pdb,1.8860361576080322,2.140625
4JNF_A.pdb,4JN4_B.pdb,23.363000869750977,3.984375
1Y4U_A.pdb,2IOR_A.pdb,0.8160542249679565,3.640625
1Q5V_C.pdb,3OD2_B.pdb,3.634812355041504,3.75
3NPM_A.pdb,2FZG_A.pdb,1.0145947933197021,2.46875
3NPM_A.pdb,2AIR_A.pdb,1.29221510887146,2.609375
3NPM_A.pdb,2AIR_A.pdb,1.29221510887146,2.609375
9ATC_A.pdb,2H3E_A.pdb,1.326536774635315,2.9375
9ATC_A.pdb,2IPO_A.pdb,1.3237265348434448,2.96875
1PYQ_B.pdb,1PQH_B.pdb,0.24604713916778564,2.171875
3TM7_D.pdb,5LS7_D.pdb,0.23893551528453827,2.390625
3TM7_D.pdb,5LS7_D.pdb,0.23893551528453827,2.390625
1IXP_A.pdb,1HO4_B.pdb,0.23714636266231537,1.8515625
1IXP_A.pdb,1IXN_C.pdb,0.2435825914144516,2.015625
1IXP_A.pdb,1IXN_C.pdb,0.2435825914144516,2.015625
1ADI_A.pdb,1SON_A.pdb,1.4395378828048706,2.9375
1ADE_B.pdb,2GCQ_A.pdb,1.6011725664138794,2.65625
1ADE_B.pdb,1NHT_A.pdb,1.656786561012268,2.890625
1ADE_B.pdb,1CH8_A.pdb,1.5993797779083252,2.671875
1ADE_B.pdb,1JUY_A.pdb,1.6043269634246826,2.84375
2AIR_B.pdb,1I5O_B.pdb,0.6149948239326477,3.59375
2AIR_B.pdb,1TUG_D.pdb,0.626639723777771,3.375
1Q95_L.pdb,4AT1_B.pdb,1.63894784450531,4.59375
1Q95_L.pdb,4FYV_D.pdb,1.536148190498352,4.375
1Q95_L.pdb,4FYY_D.pdb,1.532111406326294,4.34375
1ISE_A.pdb,1EK8_A.pdb,4.460568904876709,3.59375
2DH6_A.pdb,2DH5_A.pdb,3.2901294231414795,2.78125
3SSX_R.pdb,1WRP_R.pdb,0.49730178713798523,3.671875
3SSX_R.pdb,3SSX_N.pdb,0.4848167896270752,3.140625
1CMB_B.pdb,1CMC_B.pdb,0.40562281012535095,2.890625
2GQ1_A.pdb,2Q8M_B.pdb,0.5431478023529053,2.46875
2GQ1_A.pdb,2Q8M_A.pdb,0.5873035788536072,2.234375
2GQ1_A.pdb,2Q8M_B.pdb,0.5431478023529053,2.46875
5M1C_C.pdb,5M1E_C.pdb,0.5112093091011047,1.71875
1DOS_B.pdb,1B57_B.pdb,0.2342318892478943,2.046875
1ZEN_A.pdb,5VJD_A.pdb,0.5782164335250854,3.125
1ZEN_A.pdb,5VJE_B.pdb,0.5804758667945862,3.125
2O18_B.pdb,4XGX_A.pdb,0.4664757549762726,3.03125
5AWI_B.pdb,4PXZ_A.pdb,18.332612991333008,4.6875
5AWI_B.pdb,4IAQ_A.pdb,8.559386253356934,5.0625
5AWI_B.pdb,4Z36_A.pdb,17.683691024780273,4.59375
5AWI_B.pdb,4JKV_B.pdb,17.99407958984375,4.28125
5AWI_B.pdb,5IUB_A.pdb,17.137990951538086,4.5
1NXE_A.pdb,4JAE_B.pdb,0.4857547879219055,2.9375
1NXE_A.pdb,4JAF_B.pdb,0.4756769835948944,2.828125
1NXE_A.pdb,4JAG_B.pdb,0.40677905082702637,2.78125
5D57_E.pdb,4UXX_C.pdb,0.453665167093277,4.1875
5D57_E.pdb,4UYO_A.pdb,0.5176622867584229,4.0625
5D57_E.pdb,4UXZ_C.pdb,0.32395610213279724,3.84375
5D56_F.pdb,4D2E_E.pdb,0.42061907052993774,4.09375
5D57_E.pdb,5D56_C.pdb,2.7378175258636475,4.0625
4TTI_E.pdb,1K9S_B.pdb,0.2498708814382553,1.90625
4TTI_E.pdb,1K9S_D.pdb,0.25540512800216675,1.7265625
4TTI_E.pdb,1OV6_C.pdb,0.2378782331943512,1.875
4TTI_E.pdb,1OU4_C.pdb,0.29831331968307495,2.109375
4TTI_E.pdb,5IU6_C.pdb,0.22034883499145508,1.8203125
1GNK_B.pdb,2NUU_L.pdb,0.4658944010734558,2.9375
3FWE_B.pdb,4HZF_B.pdb,1.9130830764770508,3.140625
1I6A_A.pdb,1I69_A.pdb,0.5648781657218933,2.65625
3FK6_B.pdb,4B1R_A.pdb,1.1966538429260254,2.921875
3FK6_B.pdb,4B3A_A.pdb,0.7926461100578308,2.765625
3FK6_B.pdb,5FKN_B.pdb,1.4272735118865967,2.9375
3BM2_A.pdb,3BM1_B.pdb,1.6315898895263672,3.3125
2FQ1_B.pdb,4IZ6_B.pdb,0.49344968795776367,5.125
2FQ1_B.pdb,4IZ6_B.pdb,0.49344968795776367,5.125
1N9K_B.pdb,1RMT_D.pdb,0.284864217042923,1.734375
4BIZ_D.pdb,4BIW_B.pdb,18.06075668334961,3.421875
4BIZ_D.pdb,4BIZ_C.pdb,8.694864273071289,2.953125
1UN2_A.pdb,1U3A_D.pdb,0.7920140624046326,3.53125
1UN2_A.pdb,6BR4_A.pdb,0.8917085528373718,2.71875
1UN2_A.pdb,6BQX_A.pdb,0.9429590106010437,2.875
1UN2_A.pdb,4ZIJ_A.pdb,0.8713384866714478,3.046875
4KP4_B.pdb,4KP4_A.pdb,5.334641456604004,3.3125
2IOB_B.pdb,2IO9_B.pdb,1.7294223308563232,2.25
2IOB_B.pdb,3O98_B.pdb,1.9403128623962402,2.53125
2IOB_B.pdb,3O98_A.pdb,1.9351662397384644,2.453125
5DIS_D.pdb,3MP8_A.pdb,0.934625506401062,4.03125
3MQ9_C.pdb,4WMU_A.pdb,3.843088388442993,3.0625
3MQ9_C.pdb,4WMV_A.pdb,3.825718402862549,3.125
3MQ9_C.pdb,4WMW_A.pdb,3.8141655921936035,3.046875
3MQ9_C.pdb,4WMX_A.pdb,3.9951415061950684,3.0625
4FEB_A.pdb,3OSQ_A.pdb,4.156940460205078,2.640625
4FEB_C.pdb,4WGI_A.pdb,4.196536540985107,2.71875
4FEB_C.pdb,5LOF_A.pdb,4.200945854187012,2.609375
4FEB_B.pdb,5K94_B.pdb,1.3545897006988525,2.203125
3CRC_A.pdb,3CRC_B.pdb,9.329985618591309,4.125
1YMY_A.pdb,2P53_A.pdb,0.31902727484703064,2.28125
3M4W_D.pdb,2V42_A.pdb,0.9369621872901917,2.5625
1ECJ_B.pdb,1ECC_B.pdb,0.7799980640411377,2.484375
1ECJ_B.pdb,1ECC_B.pdb,0.7799980640411377,2.484375
1DKI_C.pdb,2UZJ_A.pdb,0.3041439652442932,3.78125
1DKI_C.pdb,1PVJ_C.pdb,0.2639772593975067,3.515625
1YST_H.pdb,4N7K_H.pdb,1.126075029373169,4.28125
1YST_H.pdb,2HH1_H.pdb,1.1217659711837769,4.34375
1YST_H.pdb,2HH1_H.pdb,1.1217659711837769,4.34375
1YST_H.pdb,2HIT_H.pdb,1.1417359113693237,4.34375
1YST_H.pdb,2HHK_H.pdb,1.1283187866210938,4.3125
3F9E_A.pdb,2ALV_A.pdb,4.715421676635742,2.96875
3M3T_A.pdb,3V3M_A.pdb,4.784341812133789,2.96875
3F9E_A.pdb,4MDS_A.pdb,4.765522003173828,2.84375
3M3T_A.pdb,4TWW_B.pdb,4.680128574371338,2.9375
3M3T_A.pdb,3SZN_A.pdb,4.757574558258057,2.78125
3EBN_B.pdb,2AMD_A.pdb,0.5479138493537903,3.75
3EBN_B.pdb,3D62_A.pdb,0.7107200622558594,4.21875
3EBN_B.pdb,4TWY_A.pdb,0.5384755730628967,3.796875
3EBN_B.pdb,4WY3_A.pdb,0.5497862100601196,3.765625
3EBN_B.pdb,5N5O_A.pdb,0.5214977264404297,3.8125
4HIT_D.pdb,3F1J_A.pdb,0.6069243550300598,2.8125
2IUA_C.pdb,2IU8_A.pdb,0.9702690243721008,2.28125
5KYC_C.pdb,5LRV_C.pdb,0.6670455932617188,3.171875
2MSG_A.pdb,5CRA_C.pdb,1.6104235649108887,4.5
5KYC_C.pdb,5LRW_D.pdb,0.6522018313407898,3.328125
2MSG_A.pdb,5M93_C.pdb,1.868589162826538,4.34375
3U30_D.pdb,3B0A_A.pdb,10.51479721069336,3.0
4V3L_B.pdb,6B7O_B.pdb,0.508448600769043,2.859375
2L3Z_A.pdb,5NLI_B.pdb,1.999578833580017,3.890625
2L3Z_A.pdb,4I6N_B.pdb,1.8077903985977173,4.0
2L3Z_A.pdb,3IHP_D.pdb,2.235727310180664,3.90625
4X5N_C.pdb,4X5M_B.pdb,1.2556864023208618,3.78125
3D2F_D.pdb,3AY9_A.pdb,1.0963131189346313,2.21875
3D2F_D.pdb,4IO8_A.pdb,0.5910162925720215,2.171875
4PO2_A.pdb,4WV7_B.pdb,0.5344647169113159,2.640625
3D2F_D.pdb,5AQW_A.pdb,0.9782081246376038,2.21875
3D2F_D.pdb,5AQY_A.pdb,0.7663078904151917,2.09375
6DAH_A.pdb,3O78_B.pdb,13.968291282653809,3.921875
6DAH_A.pdb,5WBX_R.pdb,10.161483764648438,4.0
6DAH_A.pdb,5WC5_R.pdb,9.793540954589844,3.984375
6DAH_A.pdb,5V03_R.pdb,9.749500274658203,4.03125
6DAH_A.pdb,5V02_R.pdb,9.843832015991211,4.125
1QX5_R.pdb,4G28_R.pdb,7.27518367767334,4.6875
1QX5_R.pdb,4J9Z_R.pdb,7.2615156173706055,4.65625
1QX5_R.pdb,4OY4_A.pdb,1.3054084777832031,4.78125
3CLN_A.pdb,3WLC_A.pdb,13.349251747131348,3.625
3CLN_A.pdb,4I2Y_A.pdb,13.937097549438477,3.796875
3DDB_A.pdb,2ILP_B.pdb,0.4520357847213745,2.34375
3BOO_A.pdb,2IMB_B.pdb,0.453349232673645,2.359375
3BOO_A.pdb,5V8P_B.pdb,0.4188232719898224,2.40625
3BOO_A.pdb,5V8R_B.pdb,0.372938871383667,2.3125
3ZUR_B.pdb,4KUF_A.pdb,0.41347917914390564,2.984375
1FUU_B.pdb,2VSX_A.pdb,12.590980529785156,3.46875
5AC8_A.pdb,5AB3_A.pdb,0.5970898270606995,2.5
2FSF_B.pdb,3BXZ_A.pdb,3.379690408706665,3.46875
5JSN_A.pdb,4LXD_A.pdb,0.6773987412452698,3.109375
5VAY_B.pdb,4LVT_A.pdb,1.8315629959106445,3.390625
5JSN_A.pdb,4IEH_A.pdb,0.5876725316047668,2.953125
5VAY_B.pdb,4AQ3_F.pdb,0.48262619972229004,3.484375
2XA0_B.pdb,4MAN_B.pdb,0.7139017581939697,3.421875
4POL_C.pdb,3M9K_B.pdb,3.3639097213745117,4.40625
4POL_C.pdb,5DQY_A.pdb,0.7816455364227295,4.25
1T45_A.pdb,1PKG_B.pdb,1.2178996801376343,3.125
1T45_A.pdb,4HVS_A.pdb,0.43307527899742126,2.546875
1T45_A.pdb,3G0F_B.pdb,0.5738312005996704,2.921875
1T45_A.pdb,6GQJ_A.pdb,0.5109440684318542,2.46875
1T45_A.pdb,6GQK_A.pdb,0.5942743420600891,2.59375
2ETF_B.pdb,1F31_A.pdb,0.6362432837486267,2.953125
2ETF_B.pdb,1I1E_A.pdb,0.6434169411659241,2.890625
1WPV_B.pdb,1VEA_B.pdb,1.193140983581543,3.90625
5E86_A.pdb,5E84_E.pdb,24.763004302978516,4.5
3QA3_L.pdb,4XW2_A.pdb,0.6161807775497437,2.890625
5FLF_B.pdb,4NK9_A.pdb,0.8927586078643799,2.84375
5FLF_B.pdb,4F65_B.pdb,1.0774027109146118,2.859375
5FLF_B.pdb,4F64_A.pdb,0.8241452574729919,2.90625
5FLF_B.pdb,4F63_A.pdb,0.8218201994895935,2.828125
5FLF_B.pdb,3TT0_A.pdb,1.0039416551589966,3.03125
1IKP_A.pdb,1DMA_B.pdb,0.6737334728240967,3.265625
1IKP_A.pdb,1DMA_B.pdb,0.6737334728240967,3.265625
3TEJ_B.pdb,5JA1_A.pdb,0.8284698128700256,4.09375
3D24_C.pdb,2PJL_A.pdb,0.7786462306976318,3.015625
3D24_C.pdb,3K6P_A.pdb,0.7452049851417542,3.0625
5AI7_C.pdb,2ZGZ_B.pdb,0.0,4.53125
5AI7_C.pdb,2ZGY_B.pdb,0.0,4.53125
5AI7_C.pdb,4A61_A.pdb,0.0,4.53125
1D7K_B.pdb,4ZGY_A.pdb,0.8580692410469055,2.9375
1P1F_A.pdb,1P1H_B.pdb,0.403252512216568,2.28125
3DRB_A.pdb,3B6R_B.pdb,1.3346426486968994,2.34375
3DRB_A.pdb,3DRB_B.pdb,1.245841145515442,2.40625
4U0D_A.pdb,4XRQ_A.pdb,0.41332709789276123,2.703125
4U0D_A.pdb,5TSX_B.pdb,0.49577635526657104,2.65625
5O2U_C.pdb,6BHT_D.pdb,0.5856264233589172,3.671875
2ITG_A.pdb,1QS4_A.pdb,0.7465144395828247,4.125
1ITG_A.pdb,4JLH_A.pdb,0.2727130651473999,2.890625
2ITG_A.pdb,4AH9_A.pdb,1.056865930557251,4.25
2PWM_A.pdb,4E92_B.pdb,0.6714447736740112,3.234375
2PWM_A.pdb,4E92_B.pdb,0.6714447736740112,3.234375
2P0M_A.pdb,2P0M_B.pdb,0.5034040808677673,2.765625
1K3F_C.pdb,1U1D_A.pdb,0.5524330139160156,3.4375
1K3F_C.pdb,1U1E_A.pdb,0.5733363032341003,3.46875
1K3F_D.pdb,1U1F_B.pdb,0.6545679569244385,3.625
1K3F_E.pdb,1RXC_J.pdb,0.7066675424575806,3.5625
1K3F_C.pdb,1U1C_A.pdb,0.5651854276657104,3.40625
2OMX_B.pdb,4ZTE_B.pdb,0.6988887786865234,2.6875
2NYE_A.pdb,3T4N_C.pdb,1.2135378122329712,4.1875
2NYE_A.pdb,3TDH_C.pdb,1.2935237884521484,4.1875
2NYE_A.pdb,3TE5_C.pdb,1.2499005794525146,4.25
1YI6_A.pdb,4K11_A.pdb,1.3035341501235962,3.015625
1FMK_A.pdb,2BDF_B.pdb,1.6653072834014893,2.953125
1YI6_A.pdb,2SRC_A.pdb,1.3380192518234253,3.078125
1FMK_A.pdb,4MXX_A.pdb,1.5096206665039062,3.1875
1YI6_A.pdb,2H8H_A.pdb,1.5921030044555664,3.015625
3V5R_B.pdb,3V2U_C.pdb,3.0788378715515137,2.53125
3V5R_B.pdb,3V2U_C.pdb,3.0788378715515137,2.53125
5X2Y_D.pdb,1PG8_C.pdb,0.3564252257347107,2.046875
5X2Y_D.pdb,5X2X_B.pdb,0.2432631254196167,1.859375
2O7C_D.pdb,5X2Z_D.pdb,0.24611642956733704,2.21875
5X2Y_A.pdb,5X30_D.pdb,0.26212212443351746,1.9765625
1D2C_B.pdb,1NBH_A.pdb,0.7422021627426147,3.15625
2PRY_A.pdb,2PRZ_C.pdb,1.257219672203064,2.796875
2PRY_A.pdb,2PS1_B.pdb,1.6952489614486694,3.1875
3J9C_A.pdb,3TEZ_A.pdb,1.7776237726211548,3.5625
1U4R_B.pdb,1U4M_A.pdb,0.6275683641433716,3.015625
1U4R_B.pdb,1U4L_A.pdb,0.6609629988670349,3.0
1U4R_B.pdb,1B3A_A.pdb,0.5980785489082336,3.03125
3IZP_E.pdb,2BV3_A.pdb,7.0882439613342285,4.28125
3IZP_E.pdb,2BM1_A.pdb,6.642916202545166,4.28125
3IZP_E.pdb,2J7K_A.pdb,7.110459804534912,4.1875
1PV8_B.pdb,1E51_A.pdb,0.4638240933418274,2.921875
5HNR_B.pdb,1PV8_A.pdb,0.41298454999923706,2.59375
1PV8_B.pdb,5HNR_A.pdb,0.4463222324848175,2.75
6BIV_A.pdb,5JLZ_D.pdb,0.484448105096817,2.28125
3AV4_A.pdb,5GUT_A.pdb,0.8174321055412292,2.5
3KM0_A.pdb,1FDU_B.pdb,0.4861621856689453,2.609375
3KM0_A.pdb,1FDU_B.pdb,0.4861621856689453,2.609375
5LTF_B.pdb,5T2T_A.pdb,1.0773276090621948,2.6875
2HP5_B.pdb,1K6R_B.pdb,0.4649990200996399,3.015625
2Q7U_B.pdb,2Q7U_A.pdb,0.5329296588897705,2.984375
3SRH_B.pdb,3ME3_A.pdb,0.46191105246543884,2.359375
3G2G_C.pdb,3U2Z_B.pdb,0.28456899523735046,1.6953125
3G2G_C.pdb,4JPG_D.pdb,0.3034208118915558,1.828125
3G2G_C.pdb,5X1V_B.pdb,0.3882445693016052,1.953125
1ZJH_A.pdb,5X1W_C.pdb,1.065214991569519,2.640625
2Z2L_D.pdb,1QMF_A.pdb,0.3768659830093384,5.78125
2Z2L_D.pdb,1QMF_A.pdb,0.3768659830093384,5.78125
2VXM_D.pdb,2VS4_B.pdb,0.5627465844154358,2.59375
2VXM_D.pdb,2WGZ_A.pdb,0.5546017289161682,2.5625
2VXM_D.pdb,5NRD_B.pdb,0.5005514025688171,2.515625
2VXM_D.pdb,5NRD_A.pdb,0.554800271987915,2.625
2VXM_D.pdb,2WGZ_B.pdb,0.551061749458313,2.5625
5UE3_A.pdb,5CUH_A.pdb,0.312663733959198,2.46875
5TH6_D.pdb,4H3X_B.pdb,0.23512797057628632,2.359375
5TH6_B.pdb,4H2E_B.pdb,0.5151101350784302,2.9375
1GKD_A.pdb,4H1Q_A.pdb,0.4104575216770172,2.359375
1E0D_A.pdb,2XPC_A.pdb,4.683287620544434,2.40625
1E0D_A.pdb,2UAG_A.pdb,4.706455230712891,2.53125
1E0D_A.pdb,2WJP_A.pdb,4.584290981292725,2.390625
1E0D_A.pdb,2VTE_A.pdb,4.634653091430664,2.5625
1E0D_A.pdb,2JFH_A.pdb,4.730796813964844,2.390625
5JT2_D.pdb,4KSP_B.pdb,0.9969543218612671,3.234375
5JT2_D.pdb,4XV9_A.pdb,1.2423697710037231,3.015625
4MNE_B.pdb,4FC0_B.pdb,1.0009899139404297,2.671875
5JT2_D.pdb,2FB8_A.pdb,0.7353611588478088,3.28125
4MNE_B.pdb,4RZV_B.pdb,1.10911226272583,3.3125
1XGD_A.pdb,3V36_A.pdb,0.5246143341064453,2.140625
1XGD_A.pdb,4LAZ_A.pdb,0.540860652923584,2.265625
1XGD_A.pdb,4LB4_A.pdb,0.5123113393783569,2.28125
1XGD_A.pdb,2IS7_A.pdb,0.3502379357814789,2.078125
1XGD_A.pdb,4NKC_A.pdb,0.5067201852798462,2.234375
1QPX_B.pdb,2XG5_A.pdb,1.6709955930709839,2.515625
1QPX_B.pdb,2XG5_A.pdb,1.6709955930709839,2.515625
1QPX_B.pdb,2XG4_A.pdb,1.6969399452209473,2.515625
4F4J_A.pdb,1EX7_A.pdb,1.5200217962265015,2.78125
4ENO_A.pdb,2HVD_C.pdb,0.47557762265205383,2.75
4ENO_A.pdb,5UI4_C.pdb,0.488562673330307,2.765625
3ZDP_B.pdb,5B7B_D.pdb,0.800026535987854,3.234375
1G24_C.pdb,1GZF_B.pdb,0.4625045359134674,2.4375
1PWV_B.pdb,4DV8_A.pdb,0.5984758138656616,2.6875
1J7N_B.pdb,4PKR_A.pdb,0.9252315163612366,2.5
1PWV_B.pdb,4PKT_A.pdb,0.6457685828208923,2.59375
1PWW_B.pdb,4PKU_A.pdb,0.6681487560272217,2.640625
1PWV_B.pdb,4PKV_A.pdb,0.7797784209251404,2.78125
2GC5_A.pdb,1JBW_A.pdb,1.2035422325134277,2.125
2GC5_A.pdb,1JBW_A.pdb,1.2035422325134277,2.125
4OSD_R.pdb,4JJ2_C.pdb,0.24002999067306519,1.7734375
4OSD_L.pdb,4JJ2_B.pdb,0.2572385370731354,1.6171875
4OSD_R.pdb,4JJ2_A.pdb,0.2400629222393036,1.8828125
5BYW_D.pdb,4U5K_A.pdb,0.4806545376777649,3.09375
5BYW_D.pdb,4U5I_A.pdb,0.4652263820171356,2.859375
2Y3X_A.pdb,2YDC_A.pdb,0.5046159625053406,2.65625
5CQO_A.pdb,2RJ9_A.pdb,0.18634815514087677,1.4140625
5CQO_A.pdb,3ZGG_A.pdb,0.21276739239692688,1.4765625
5CQO_A.pdb,3V0M_B.pdb,0.20926401019096375,1.625
5CQO_A.pdb,2RJ9_A.pdb,0.18634815514087677,1.4140625
5CQO_A.pdb,3V0M_B.pdb,0.20926401019096375,1.625
1ESL_A.pdb,4C16_A.pdb,2.779514789581299,2.828125
1ESL_A.pdb,4CSY_A.pdb,2.983100175857544,2.84375
1ESL_A.pdb,4C16_A.pdb,2.779514789581299,2.828125
1WPO_B.pdb,1JQ7_B.pdb,0.49914416670799255,3.234375
1WPO_B.pdb,2WPO_C.pdb,0.46691662073135376,3.09375
4AE9_B.pdb,3OXT_A.pdb,1.377085566520691,2.5
4AE9_B.pdb,3OWP_A.pdb,1.0680665969848633,2.328125
4AE9_B.pdb,3OVV_A.pdb,1.132890224456787,2.375
4AE9_B.pdb,5N23_A.pdb,1.3010637760162354,2.40625
4AE9_B.pdb,5BX6_A.pdb,1.22480309009552,2.34375
6DCR_A.pdb,2D7H_A.pdb,0.8282028436660767,4.21875
4KDC_A.pdb,4KDR_A.pdb,0.45203813910484314,2.609375
4QBE_A.pdb,1Q6M_A.pdb,0.3790353834629059,2.4375
4QBE_A.pdb,1Q6J_A.pdb,0.38975003361701965,2.40625
1G1H_A.pdb,1T48_A.pdb,0.6250117421150208,2.5625
2QR7_A.pdb,4EL9_A.pdb,3.0137779712677,5.375
2QR7_A.pdb,3G51_A.pdb,1.7148278951644897,5.375
2QR7_A.pdb,4GUE_A.pdb,2.870198965072632,5.40625
2QR7_A.pdb,3UBD_A.pdb,2.8905627727508545,5.34375
1EXT_A.pdb,1FT4_A.pdb,2.1123452186584473,3.609375
4U2R_A.pdb,4LZ5_B.pdb,2.4695839881896973,2.125
4U2R_A.pdb,2XXH_B.pdb,2.413728952407837,2.140625
4U2R_A.pdb,2XX9_B.pdb,2.4539380073547363,2.15625
4U2R_A.pdb,2XX8_B.pdb,2.44380521774292,2.1875
4U2R_A.pdb,2XX7_B.pdb,2.5128860473632812,2.28125
1S4F_D.pdb,1S49_A.pdb,1.127626895904541,3.15625
4N8R_B.pdb,4M8E_A.pdb,0.3743201196193695,3.375
4N8R_B.pdb,2ZY0_C.pdb,0.44130298495292664,3.515625
4N8R_B.pdb,4K4J_A.pdb,0.3500540852546692,3.359375
5GYM_F.pdb,3FUG_A.pdb,0.2922523617744446,3.078125
4N8R_B.pdb,4OC7_A.pdb,0.3939608335494995,3.359375
1BGX_T.pdb,1TAQ_A.pdb,24.59111976623535,3.625
1FIF_B.pdb,1AFB_2.pdb,0.5930205583572388,2.046875
1FIF_B.pdb,1AFA_2.pdb,0.7349731922149658,2.125
1FIF_B.pdb,1BCH_1.pdb,0.4250749945640564,2.28125
3GQH_B.pdb,3SUC_A.pdb,0.6027621626853943,2.9375
5GTM_A.pdb,4P4T_A.pdb,0.8586061000823975,3.3125
3BN3_A.pdb,1XDD_B.pdb,0.7428503036499023,2.890625
3BN3_A.pdb,2O7N_A.pdb,0.8096891045570374,3.15625
3BN3_A.pdb,2ICA_A.pdb,0.6861667037010193,3.0
3BN3_A.pdb,1CQP_A.pdb,0.9309592247009277,3.03125
3BN3_A.pdb,4IXD_A.pdb,0.6484898924827576,2.984375
4OKH_C.pdb,4OKH_B.pdb,1.7903732061386108,3.40625
4LK2_A.pdb,4LJY_A.pdb,1.7221579551696777,2.84375
2F5I_B.pdb,2B58_A.pdb,1.0257266759872437,3.359375
2F5I_B.pdb,2FXF_A.pdb,1.1168938875198364,2.984375
4J98_A.pdb,3B2T_B.pdb,0.4055710732936859,2.25
2PSQ_A.pdb,4J99_B.pdb,0.36191943287849426,2.375
4PYK_A.pdb,4XUC_A.pdb,0.5880885720252991,3.21875
4PYK_A.pdb,4XUD_A.pdb,0.5978471040725708,3.203125
4PYK_A.pdb,4XUE_B.pdb,0.5598992109298706,3.25
4PYK_A.pdb,5LSA_A.pdb,0.5143442749977112,3.171875
4PYK_A.pdb,5LSA_A.pdb,0.5143442749977112,3.171875
3S3S_A.pdb,6A8P_B.pdb,6.033581733703613,2.859375
5XZW_B.pdb,4PDS_B.pdb,1.045520305633545,3.171875
6AT3_B.pdb,2OLR_A.pdb,0.9701302647590637,2.109375
6AT3_B.pdb,1K3C_A.pdb,0.8404525518417358,2.15625
6AT4_A.pdb,6ASN_A.pdb,1.362884759902954,1.984375
2BGC_B.pdb,2BEO_B.pdb,1.5059653520584106,3.171875
2BGC_E.pdb,5F1R_B.pdb,1.892115592956543,3.140625
2BGC_D.pdb,6EUT_A.pdb,1.485960602760315,3.15625
2BGC_B.pdb,6EV0_B.pdb,1.7308518886566162,3.28125
2BGC_D.pdb,6EXL_A.pdb,1.5899765491485596,3.234375
4TYE_A.pdb,4QRC_A.pdb,1.1032625436782837,3.09375
4TYE_A.pdb,4XCU_A.pdb,1.0763708353042603,3.203125
4QQT_A.pdb,5NWZ_A.pdb,0.5789232850074768,2.578125
1HXZ_B.pdb,4GJV_A.pdb,0.2547283470630646,2.171875
1HXZ_B.pdb,6GMI_A.pdb,0.19841428101062775,2.609375
1HXZ_B.pdb,4OKA_A.pdb,0.2608586847782135,2.34375
2IZD_B.pdb,5B5F_C.pdb,0.293497234582901,2.640625
2IZD_B.pdb,5B5G_D.pdb,0.2855856418609619,2.78125
4P7G_C.pdb,3NW9_A.pdb,0.5979583859443665,3.015625
4P7G_C.pdb,3OE5_A.pdb,0.5989808440208435,3.203125
4P7G_C.pdb,3OE4_A.pdb,0.6475237607955933,3.1875
4P7J_A.pdb,5LQC_A.pdb,0.6316748261451721,3.078125
4P7G_C.pdb,5LQU_B.pdb,0.5072232484817505,2.890625
1ZNC_A.pdb,5JNC_D.pdb,0.48467251658439636,2.265625
1ZNC_A.pdb,5JN8_D.pdb,0.4710792303085327,2.21875
1ZNC_A.pdb,5JN9_D.pdb,0.4702971875667572,2.171875
1ZNC_A.pdb,5KU6_D.pdb,0.479530394077301,2.171875
1ZNC_A.pdb,5JNA_D.pdb,0.4822717308998108,2.203125
2F36_B.pdb,1VSO_A.pdb,2.9146173000335693,2.40625
2F36_B.pdb,4QF9_C.pdb,5.156559467315674,2.5625
1YCJ_B.pdb,3S2V_B.pdb,3.4675586223602295,2.578125
1YCJ_B.pdb,4YMB_B.pdb,2.1556639671325684,2.234375
2F36_C.pdb,2QS4_C.pdb,2.838624954223633,2.078125
5CSC_A.pdb,1CSC_A.pdb,0.8644108176231384,3.046875
5CSC_A.pdb,1CSH_A.pdb,0.9259140491485596,3.125
5CSC_A.pdb,4CSC_A.pdb,0.8772382140159607,3.109375
5CSC_A.pdb,6CTS_A.pdb,0.9011229276657104,3.0
2R00_A.pdb,2R00_C.pdb,0.6273273825645447,2.859375
1BKN_A.pdb,1B62_A.pdb,1.5987119674682617,3.390625
1BKN_A.pdb,1NHH_A.pdb,1.8525278568267822,3.46875
5UJI_A.pdb,1R6T_A.pdb,1.0458555221557617,3.734375
5UJI_A.pdb,2QUJ_B.pdb,1.1024988889694214,3.453125
5UJI_A.pdb,2QUI_A.pdb,1.0888391733169556,3.421875
5UJI_A.pdb,2QUI_A.pdb,1.0888391733169556,3.421875
1RAL_A.pdb,1AFS_B.pdb,0.745765745639801,3.703125
1RAL_A.pdb,1AFS_B.pdb,0.745765745639801,3.703125
3TPE_A.pdb,3DNT_B.pdb,0.4580979347229004,2.640625
3DNU_A.pdb,3TPV_B.pdb,0.46457087993621826,2.84375
3TPE_A.pdb,3TPT_B.pdb,0.5077959895133972,2.484375
5BUQ_A.pdb,5X8F_A.pdb,0.38776546716690063,2.265625
5BUQ_A.pdb,5X8G_B.pdb,0.39598309993743896,2.21875
1BNC_A.pdb,3RV4_A.pdb,0.5978464484214783,2.40625
1BNC_A.pdb,2J9G_A.pdb,0.4115787446498871,2.203125
1BNC_A.pdb,2VR1_A.pdb,0.41842925548553467,2.28125
1BNC_A.pdb,1DV2_B.pdb,0.39044228196144104,2.5
3DBI_C.pdb,3BRQ_A.pdb,1.349372386932373,2.59375
6ATH_A.pdb,3RJC_A.pdb,0.6049165725708008,3.046875
6ATH_A.pdb,3RAL_A.pdb,0.5654398202896118,2.765625
6ATH_A.pdb,3RAK_A.pdb,0.5709900259971619,2.78125
6ATH_A.pdb,4EK5_A.pdb,0.518771231174469,2.953125
6ATH_A.pdb,3RZB_A.pdb,0.5785514712333679,2.921875
1OJL_D.pdb,1OJL_E.pdb,1.0548789501190186,2.5625
1TML_A.pdb,2BOG_X.pdb,0.2914617657661438,1.6328125
1TML_A.pdb,2BOG_X.pdb,0.2914617657661438,1.6328125
1G4C_B.pdb,5ETK_A.pdb,0.3515743017196655,2.84375
1G4C_B.pdb,5ETL_D.pdb,0.3376147747039795,2.84375
1G4C_B.pdb,5ETM_A.pdb,0.3646736741065979,2.953125
1G4C_B.pdb,5ETN_A.pdb,0.33947470784187317,2.78125
1G4C_B.pdb,5ETO_A.pdb,0.34840112924575806,2.890625
1J4A_D.pdb,1J49_B.pdb,1.9028373956680298,2.0
3EPZ_B.pdb,4WXX_B.pdb,6.1609721183776855,4.0625
4HSZ_A.pdb,3M0W_H.pdb,0.37145838141441345,2.8125
8OHM_A.pdb,4B73_B.pdb,1.8825912475585938,2.734375
8OHM_A.pdb,5FPT_B.pdb,2.029175043106079,2.671875
8OHM_A.pdb,4B6F_B.pdb,2.2296900749206543,2.703125
8OHM_A.pdb,4B74_A.pdb,2.2214062213897705,2.625
8OHM_A.pdb,4B6E_B.pdb,2.418081521987915,2.59375
3SW3_A.pdb,3IOG_A.pdb,0.2803092300891876,2.34375
3SW3_A.pdb,2GKL_A.pdb,0.28641313314437866,2.375
3SW3_A.pdb,2QDS_A.pdb,0.2865547239780426,2.328125
3SW3_A.pdb,3IOF_A.pdb,0.2889319360256195,2.375
3SW3_A.pdb,1X8I_A.pdb,0.3002220392227173,2.3125
3NDP_B.pdb,2BBW_A.pdb,0.9254693984985352,3.265625
3NCH_D.pdb,4KQ2_C.pdb,2.3621671199798584,2.734375
3NCH_D.pdb,5UW4_C.pdb,3.1756701469421387,2.6875
3NCH_D.pdb,5UW4_C.pdb,3.1756701469421387,2.6875
3NCH_D.pdb,5UW0_C.pdb,2.9807956218719482,2.46875
3NCH_D.pdb,4KQ2_C.pdb,2.3621671199798584,2.734375
1OTV_B.pdb,1OTW_A.pdb,0.4167214035987854,2.6875
2PSF_A.pdb,2PSJ_A.pdb,0.25343719124794006,1.625
1VGV_D.pdb,1F6D_B.pdb,2.3443045616149902,2.578125
1VGV_D.pdb,1VGV_B.pdb,2.3539164066314697,2.640625
1TF5_A.pdb,3JV2_B.pdb,1.0013082027435303,2.640625
4IZA_A.pdb,2OJI_A.pdb,0.6944969892501831,2.703125
4IZA_C.pdb,3W55_A.pdb,1.2027157545089722,3.140625
4IZA_A.pdb,2OJG_A.pdb,0.7138449549674988,2.53125
4IZA_C.pdb,4QP8_A.pdb,0.7961980700492859,2.46875
4IZA_C.pdb,4QP7_B.pdb,0.7851731181144714,2.390625
5HJP_A.pdb,1H9U_D.pdb,0.5568409562110901,3.03125
3F6Y_A.pdb,3ROK_A.pdb,1.6117502450942993,2.71875
3F6Y_A.pdb,4XJT_A.pdb,1.6376452445983887,2.78125
3F6Y_A.pdb,3ROQ_B.pdb,1.5447643995285034,2.640625
3F6Y_A.pdb,3ROM_A.pdb,1.5319679975509644,2.6875
3F6Y_A.pdb,3ROP_A.pdb,1.695225477218628,2.75
4TRL_A.pdb,5I9Y_A.pdb,0.6774296164512634,2.828125
4P2K_A.pdb,5I9Z_A.pdb,1.0298230648040771,2.375
4TRL_A.pdb,5IA4_A.pdb,0.48990705609321594,2.578125
4TRL_A.pdb,5NKG_A.pdb,0.6613926887512207,2.875
4TRL_A.pdb,5NKF_A.pdb,0.6479200720787048,2.8125
2QOL_A.pdb,3FXX_A.pdb,0.22000308334827423,1.7890625
2GSF_A.pdb,4TWN_A.pdb,0.21687132120132446,1.8828125
3E4C_B.pdb,1RWO_A.pdb,0.3871780037879944,2.890625
3E4C_B.pdb,1RWV_A.pdb,0.39550524950027466,2.84375
3E4C_B.pdb,1RWN_A.pdb,0.39556339383125305,2.890625
3E4C_B.pdb,1RWK_A.pdb,0.35651731491088867,2.828125
3E4C_B.pdb,3NS7_B.pdb,0.682571530342102,4.21875
2IDR_A.pdb,2IDV_A.pdb,0.6544396877288818,3.25
1OC3_C.pdb,2VL2_A.pdb,0.25248968601226807,2.65625
1OC3_C.pdb,4MMM_C.pdb,0.36003053188323975,2.765625
1OC3_C.pdb,4K7I_B.pdb,0.43753767013549805,2.796875
1OC3_C.pdb,3MNG_A.pdb,0.2912002205848694,2.640625
1OC3_C.pdb,4K7O_C.pdb,0.3007073402404785,2.671875
3DHX_B.pdb,3TUI_H.pdb,1.174430012702942,3.984375
3VYC_A.pdb,4GPT_C.pdb,2.748645067214966,2.828125
3VYC_A.pdb,5JLJ_C.pdb,2.8055598735809326,2.890625
3VYC_A.pdb,4HAV_C.pdb,2.716695785522461,2.765625
3VYC_A.pdb,4GMX_C.pdb,2.7284204959869385,2.8125
3VYC_A.pdb,4HAZ_C.pdb,2.7101285457611084,2.828125
2EZ2_A.pdb,2YCT_B.pdb,0.48321235179901123,1.7421875
1TPL_A.pdb,6DYT_A.pdb,1.0888336896896362,2.421875
1TPL_A.pdb,2YCP_B.pdb,1.0893211364746094,2.484375
1TPL_A.pdb,2VLF_A.pdb,1.095210075378418,2.40625
5HEY_A.pdb,5D13_C.pdb,0.44506484270095825,3.03125
1XKI_A.pdb,3EYC_D.pdb,1.1670796871185303,3.703125
1XKI_A.pdb,4QAF_A.pdb,4.650578498840332,4.6875
5IJZ_L.pdb,5IJZ_F.pdb,2.8384668827056885,2.109375
5UGH_D.pdb,4KTT_A.pdb,0.5512135028839111,2.09375
5EN5_C.pdb,4DX7_C.pdb,2.310356855392456,2.484375
5ENP_A.pdb,4DX5_B.pdb,1.3888287544250488,2.25
5YIL_C.pdb,5ENO_C.pdb,2.254692554473877,3.03125
5YIL_C.pdb,5ENP_C.pdb,2.2230348587036133,3.03125
5YIL_C.pdb,5ENQ_C.pdb,2.2388997077941895,3.0625
2YVQ_A.pdb,5DOU_A.pdb,0.7517102956771851,5.25
6C0I_B.pdb,3O96_A.pdb,1.2496625185012817,3.15625
1UNP_A.pdb,4EJN_A.pdb,0.412137895822525,3.546875
1UNP_A.pdb,5KCV_A.pdb,0.4896814823150635,3.71875
1UNP_A.pdb,4EJN_A.pdb,0.412137895822525,3.546875
1GZK_A.pdb,1O6L_A.pdb,1.1434983015060425,3.203125
1GZK_A.pdb,3D0E_A.pdb,1.2540616989135742,3.15625
1GZK_A.pdb,3E87_A.pdb,1.4212640523910522,3.1875
1GZK_A.pdb,3E88_B.pdb,1.220004916191101,3.140625
1GZK_A.pdb,3E8D_A.pdb,1.3919531106948853,3.171875
5V2U_A.pdb,5LSQ_A.pdb,0.44546931982040405,2.453125
5V2U_A.pdb,5VKB_A.pdb,0.5363228917121887,2.15625
5V2U_A.pdb,5VKA_A.pdb,0.5266454815864563,2.125
1X2H_C.pdb,3A7R_A.pdb,2.549529552459717,3.578125
3B82_E.pdb,1U2R_A.pdb,13.366978645324707,2.65625
3B82_E.pdb,2NPF_B.pdb,12.177526473999023,2.859375
3B82_E.pdb,1U2R_A.pdb,13.366978645324707,2.65625
3B82_E.pdb,1U2R_A.pdb,13.366978645324707,2.65625
1DG3_A.pdb,2D4H_A.pdb,0.9423168897628784,3.59375
1DG3_A.pdb,2BC9_A.pdb,0.9635653495788574,3.859375
4GIJ_C.pdb,4GIL_C.pdb,0.583991289138794,2.6875
4GIJ_C.pdb,4GIM_C.pdb,0.4965105950832367,2.234375
4GIJ_C.pdb,4GIK_B.pdb,0.4433562159538269,2.28125
3SPB_C.pdb,3LTH_A.pdb,1.5982614755630493,2.15625
3SPB_C.pdb,3SWQ_A.pdb,1.6569154262542725,2.078125
3SPB_C.pdb,3SU9_A.pdb,1.6547181606292725,2.21875
3SPB_C.pdb,3SWA_A.pdb,1.7943514585494995,2.0625
3SPB_C.pdb,3SWI_A.pdb,1.7327159643173218,2.4375
5LT2_D.pdb,1BG2_A.pdb,1.0592149496078491,3.140625
3E66_A.pdb,3SBT_A.pdb,0.4057124853134155,2.1875
2NOO_A.pdb,5MWU_B.pdb,3.312822103500366,2.390625
2NOO_A.pdb,5ON0_B.pdb,3.2186126708984375,2.3125
2NOO_A.pdb,5ON4_B.pdb,3.317138195037842,2.59375
2NOO_A.pdb,3MVZ_B.pdb,3.237680435180664,2.3125
2NOO_A.pdb,3MW0_B.pdb,3.2063305377960205,2.421875
4Q5I_A.pdb,3HYT_C.pdb,0.9757745862007141,3.046875
2FJY_B.pdb,1DQE_A.pdb,2.241264820098877,4.40625
2FJY_B.pdb,2P71_A.pdb,2.4480109214782715,4.46875
1NKS_B.pdb,1NKS_F.pdb,0.6262238621711731,2.8125
1NKS_B.pdb,1NKS_F.pdb,0.6262238621711731,2.8125
3U8Z_A.pdb,6CDS_B.pdb,0.6030445098876953,2.578125
4KCC_A.pdb,1PB8_A.pdb,2.266181707382202,2.25
4KCC_A.pdb,1PB9_A.pdb,2.191831111907959,2.203125
4KCC_A.pdb,1Y20_A.pdb,2.0567452907562256,2.1875
4KCC_A.pdb,1Y1Z_A.pdb,1.9228729009628296,2.203125
4FD3_A.pdb,4HBG_A.pdb,0.47020354866981506,2.90625
3OD7_A.pdb,1NNF_A.pdb,2.499856948852539,1.953125
2I7Q_A.pdb,2CKQ_A.pdb,0.5088319778442383,2.375
5YCZ_B.pdb,5WVX_A.pdb,0.5785061717033386,4.5625
1ZI7_A.pdb,1ZHX_A.pdb,0.42047828435897827,2.515625
1ZI7_A.pdb,1ZHW_A.pdb,0.45800814032554626,2.53125
1ZI7_A.pdb,1ZHZ_A.pdb,0.46086329221725464,2.515625
1ZI7_A.pdb,4FES_A.pdb,0.4367668330669403,2.640625
1ZI7_A.pdb,4JCH_A.pdb,0.4090219736099243,2.515625
1VR2_A.pdb,2XIR_A.pdb,0.8725010752677917,2.65625
1VR2_A.pdb,3VNT_A.pdb,0.7783079147338867,2.53125
1VR2_A.pdb,3VO3_A.pdb,0.8001086711883545,2.578125
1VR2_A.pdb,2QU5_A.pdb,1.7751230001449585,2.703125
1VR2_A.pdb,3VHE_A.pdb,0.7100621461868286,2.59375
2GED_A.pdb,1NRJ_B.pdb,0.7238087058067322,3.875
3GBK_B.pdb,4PRG_D.pdb,0.7816580533981323,3.84375
2I4P_B.pdb,3TY0_A.pdb,0.5348787903785706,3.1875
2I4Z_B.pdb,4FGY_A.pdb,0.607182502746582,3.453125
2I4Z_B.pdb,4HEE_X.pdb,0.4499272108078003,3.046875
1NYX_B.pdb,3V9T_A.pdb,0.5641289949417114,3.1875
3VJA_B.pdb,3WCH_C.pdb,0.8171810507774353,2.140625
3VJA_B.pdb,3WCL_A.pdb,0.5798636674880981,1.984375
3VJA_B.pdb,3WCI_C.pdb,0.7722451090812683,2.234375
3VJA_B.pdb,3WCF_C.pdb,0.7425636649131775,2.1875
3VJ9_A.pdb,3WCJ_E.pdb,0.6580029129981995,2.296875
5MQH_A.pdb,3T9Q_A.pdb,1.3519824743270874,3.859375
1OTJ_D.pdb,1OTJ_B.pdb,0.49497324228286743,1.8125
3AJ1_D.pdb,3A8E_C.pdb,0.355681836605072,3.21875
2C00_A.pdb,2VQD_A.pdb,0.3137918710708618,1.9375
4DSR_D.pdb,4OWY_D.pdb,0.6588707566261292,2.875
3QWA_B.pdb,3QWB_A.pdb,1.804560899734497,2.015625
4XPM_C.pdb,4FTX_B.pdb,0.3719227612018585,3.4375
1SUL_B.pdb,1SVW_A.pdb,0.8887158632278442,3.5
1QZT_B.pdb,2AF4_C.pdb,2.2013309001922607,2.296875
5H76_A.pdb,5CBN_A.pdb,7.311031818389893,3.34375
5YQJ_A.pdb,6BYM_B.pdb,0.70756596326828,4.3125
3VH1_A.pdb,3VH4_A.pdb,0.509598433971405,2.8125
2QRJ_A.pdb,3UHA_B.pdb,2.627281665802002,2.203125
3UGK_A.pdb,3UH1_A.pdb,3.013674020767212,2.046875
3UGK_A.pdb,3UH1_A.pdb,3.013674020767212,2.046875
3IAO_A.pdb,2BOW_A.pdb,0.7690889239311218,3.65625
1O6C_B.pdb,4FKZ_B.pdb,3.7836084365844727,3.203125
1O6C_B.pdb,4FKZ_B.pdb,3.7836084365844727,3.203125
1GUD_A.pdb,1RPJ_A.pdb,4.447380542755127,2.453125
1ESJ_A.pdb,1EKK_B.pdb,0.4256177246570587,2.484375
1EKQ_B.pdb,1ESQ_A.pdb,0.31379303336143494,1.8984375
1EKQ_B.pdb,1ESQ_A.pdb,0.31379303336143494,1.8984375
3U49_B.pdb,3U4C_A.pdb,0.434537798166275,2.90625
2KRJ_A.pdb,2WO8_D.pdb,0.5395441651344299,4.34375
2KRJ_A.pdb,2WO9_A.pdb,0.461664617061615,4.28125
2KRJ_A.pdb,2WO8_A.pdb,0.3864082992076874,4.25
2KRJ_A.pdb,3UVC_A.pdb,2.544462203979492,4.375
2KRJ_A.pdb,4H30_B.pdb,1.1585345268249512,4.375
5GO2_A.pdb,5GMU_B.pdb,0.5497154593467712,3.03125
1K8T_A.pdb,1K90_C.pdb,2.43572998046875,3.921875
1K8T_A.pdb,1S26_C.pdb,1.9460479021072388,3.875
3TVV_B.pdb,3FSS_A.pdb,1.014399766921997,2.71875
2WI8_A.pdb,2XUZ_A.pdb,2.116004228591919,2.078125
2WI8_A.pdb,2XV1_A.pdb,2.060436725616455,2.34375
4U2M_A.pdb,5X4Q_A.pdb,0.4737478792667389,3.015625
4U2M_A.pdb,5X4M_A.pdb,0.5101680159568787,2.921875
4U2M_A.pdb,5X4N_A.pdb,0.4680738151073456,2.96875
4U2M_A.pdb,5X4P_A.pdb,0.4628337025642395,3.03125
4U2M_A.pdb,5X9P_A.pdb,0.48740869760513306,2.90625
4OS3_B.pdb,3O2Y_B.pdb,0.896027684211731,3.328125
4OS3_B.pdb,4ORX_B.pdb,0.8293418288230896,3.125
4OS3_B.pdb,4ORR_A.pdb,0.6576871275901794,2.828125
4OS3_B.pdb,5WY9_A.pdb,0.5720933675765991,3.046875
2PME_A.pdb,2ZT7_A.pdb,0.7956786751747131,2.8125
2PME_A.pdb,2ZT5_A.pdb,0.8185139298439026,2.71875
3A8X_A.pdb,3ZH8_B.pdb,1.2615015506744385,2.765625
1QYO_A.pdb,4ZF4_A.pdb,0.28283485770225525,1.9921875
1QYO_A.pdb,4ZF5_A.pdb,0.3123893141746521,2.40625
1QYO_A.pdb,4BDU_B.pdb,0.3834322690963745,2.015625
2G3D_A.pdb,5T3I_A.pdb,0.1797308772802353,3.296875
2G3D_A.pdb,3EVP_A.pdb,0.13773532211780548,3.15625
1S7Y_B.pdb,5CMK_B.pdb,2.8841865062713623,2.0625
4TUU_A.pdb,4L23_A.pdb,0.7930651307106018,2.5625
4TUU_A.pdb,5XGI_A.pdb,0.7888957858085632,2.546875
4TUU_A.pdb,5XGJ_A.pdb,0.7467539310455322,2.5625
4JR0_A.pdb,1RHQ_A.pdb,0.5456101298332214,3.328125
2CNN_B.pdb,1NMS_B.pdb,0.16603422164916992,2.625
2CNN_B.pdb,1NMQ_A.pdb,0.24393481016159058,2.6875
4JQY_B.pdb,1NME_B.pdb,0.36183133721351624,4.25
4JR0_A.pdb,1NME_A.pdb,0.14136968553066254,2.109375
2OQ1_A.pdb,4XZ0_A.pdb,2.1374411582946777,2.8125
2OQ1_A.pdb,2OZO_A.pdb,6.763136386871338,3.203125
1A81_G.pdb,4FL3_A.pdb,12.824994087219238,3.09375
1UAJ_A.pdb,4MCB_A.pdb,0.4908749461174011,2.171875
1UAJ_A.pdb,4MCC_A.pdb,0.4808844029903412,2.265625
1VH3_C.pdb,1VH3_B.pdb,1.751456379890442,3.03125
1VIC_B.pdb,3DUV_A.pdb,1.3243894577026367,3.03125
1VIC_B.pdb,3DUV_A.pdb,1.3243894577026367,3.03125
3ISZ_A.pdb,5VO3_A.pdb,4.635515213012695,2.15625
3ISZ_A.pdb,5VO3_A.pdb,4.635515213012695,2.15625
1F5Z_D.pdb,1F74_C.pdb,0.247301384806633,1.875
2CEX_C.pdb,2CEX_B.pdb,2.5763373374938965,2.6875
2CEX_C.pdb,2V4C_A.pdb,3.026658773422241,2.65625
2CEX_C.pdb,2WYK_A.pdb,3.069814920425415,2.734375
2CEX_C.pdb,3B50_A.pdb,3.0359928607940674,2.65625
2CEX_C.pdb,2XWO_A.pdb,3.0199031829833984,2.625
1BWZ_A.pdb,2GKE_A.pdb,2.752967357635498,2.578125
1BWZ_A.pdb,2GKJ_A.pdb,2.68507719039917,2.515625
4M0D_C.pdb,4LZJ_D.pdb,0.4246090054512024,2.484375
1Y7L_A.pdb,5DBH_X.pdb,0.27633360028266907,2.0625
3I7I_B.pdb,2PJT_D.pdb,0.35869279503822327,2.3125
3I7I_B.pdb,1ZTQ_C.pdb,0.3587533235549927,2.328125
2E2D_A.pdb,4L19_B.pdb,0.3459063172340393,2.171875
2E2D_A.pdb,3ELM_A.pdb,0.3615969717502594,2.0625
2E2D_A.pdb,3KEJ_A.pdb,0.4247339069843292,2.375
6DNQ_B.pdb,4I9O_A.pdb,1.7027337551116943,4.5
1Q6U_A.pdb,1Q6I_B.pdb,2.0451111793518066,2.828125
1K5H_A.pdb,3R0I_B.pdb,0.6791291832923889,2.375
1K5H_A.pdb,1T1S_A.pdb,0.9160258173942566,2.671875
1K5H_A.pdb,1Q0Q_A.pdb,1.7060418128967285,2.703125
1K5H_A.pdb,1ONP_A.pdb,0.8136048913002014,2.953125
1UKH_A.pdb,4E73_A.pdb,0.7460405230522156,2.59375
3VUL_A.pdb,4HYS_A.pdb,1.6482388973236084,2.96875
3VUL_A.pdb,4HYU_A.pdb,1.3711329698562622,3.03125
3VUL_A.pdb,4IZY_A.pdb,1.3491051197052002,3.0
1UKH_A.pdb,4L7F_A.pdb,1.4040958881378174,2.96875
2HSG_A.pdb,1SXG_A.pdb,1.3387681245803833,3.453125
2HSG_A.pdb,2NZU_G.pdb,2.081580877304077,3.234375
2HSG_A.pdb,2NZV_G.pdb,2.168879508972168,3.65625
1PFZ_B.pdb,4Y6M_C.pdb,1.9831600189208984,3.359375
1PFZ_B.pdb,4Z22_A.pdb,1.8578451871871948,3.28125
1PFZ_B.pdb,1XE5_A.pdb,1.8955745697021484,3.421875
1PFZ_B.pdb,1XE6_A.pdb,1.8622773885726929,3.59375
1PFZ_B.pdb,4CKU_F.pdb,2.0466556549072266,3.40625
4BE8_A.pdb,5C91_A.pdb,1.8662976026535034,3.203125
2CM6_B.pdb,5LO8_B.pdb,0.5359850525856018,2.71875
3PY3_A.pdb,1YW2_A.pdb,0.7277294993400574,3.078125
3PY3_A.pdb,2GTM_A.pdb,0.7828119993209839,2.890625
5UOJ_A.pdb,5NZZ_H.pdb,2.104281187057495,3.5
5UOJ_A.pdb,4TYH_B.pdb,1.1276535987854004,2.78125
3PY3_A.pdb,5LAR_A.pdb,0.8354693651199341,2.78125
5JP5_E.pdb,5JPG_A.pdb,0.2859632968902588,1.8671875
1QG7_B.pdb,4UAI_A.pdb,0.46547645330429077,3.296875
4KJZ_D.pdb,4B48_A.pdb,1.8631062507629395,3.40625
4KJZ_B.pdb,4KJZ_C.pdb,0.9679328799247742,4.03125
2E4F_A.pdb,3SYA_A.pdb,0.5285322070121765,3.09375
4UEA_A.pdb,5ABU_A.pdb,0.5741408467292786,3.03125
4UEA_A.pdb,4UEC_C.pdb,0.5138722062110901,2.859375
2IAH_A.pdb,2O5P_A.pdb,0.7175804972648621,2.359375
1HE8_A.pdb,2CHW_A.pdb,1.1972472667694092,2.96875
1HE8_A.pdb,2CHX_A.pdb,1.1628016233444214,2.828125
1HE8_A.pdb,2CHZ_A.pdb,1.2573285102844238,2.90625
1HE8_A.pdb,4DK5_A.pdb,0.9966595768928528,2.90625
1HE8_A.pdb,4EZJ_A.pdb,1.14970862865448,2.875
4PW8_C.pdb,6A4I_D.pdb,0.7376199960708618,3.296875
4PW8_C.pdb,6A4I_D.pdb,0.7376199960708618,3.296875
4PW8_C.pdb,5TI9_D.pdb,0.6448929309844971,3.0
4PW8_C.pdb,6A4I_D.pdb,0.7376199960708618,3.296875
3R2B_D.pdb,3M2W_A.pdb,0.6308686137199402,2.84375
3R2B_D.pdb,3M42_A.pdb,0.5239241719245911,2.9375
4TYH_A.pdb,2PZY_B.pdb,0.8755083084106445,3.40625
4TYH_A.pdb,1NY3_A.pdb,0.7979038953781128,3.28125
4TYH_A.pdb,3R2B_A.pdb,0.696075439453125,3.21875
4Z49_B.pdb,3TJM_A.pdb,0.7059277892112732,2.59375
1XB2_A.pdb,1D2E_C.pdb,4.497478485107422,3.0625
4ZVW_E.pdb,4X0U_C.pdb,0.6218985915184021,2.1875
2OB4_A.pdb,3RZ3_C.pdb,0.7933344841003418,2.6875
3VBB_C.pdb,4L87_A.pdb,1.1727596521377563,3.0625
4HOK_C.pdb,4HNI_B.pdb,0.48743778467178345,2.53125
6G9Z_A.pdb,5KLY_A.pdb,0.2845902144908905,1.9765625
6G9Z_A.pdb,5IPE_A.pdb,0.28144440054893494,1.953125
6G9Z_A.pdb,5IPC_A.pdb,0.25339773297309875,1.96875
6G9Z_A.pdb,5I2E_A.pdb,0.3067440092563629,2.125
6G9Z_A.pdb,5KM1_A.pdb,0.30845996737480164,2.109375
6DDX_A.pdb,5CR7_B.pdb,0.7093701958656311,2.765625
6DDK_B.pdb,2XJC_A.pdb,0.8615990877151489,2.75
6DDX_A.pdb,5CQZ_A.pdb,0.6583182215690613,2.71875
6DDK_B.pdb,4H4B_A.pdb,0.7846580147743225,2.828125
6DDK_B.pdb,6DDZ_A.pdb,0.759528398513794,2.671875
4HTO_A.pdb,3W1G_A.pdb,0.5657418966293335,3.765625
2HLZ_D.pdb,5WBO_B.pdb,0.39124467968940735,2.25
3NCA_B.pdb,5WBP_A.pdb,0.46627306938171387,2.453125
2HLZ_D.pdb,5WBQ_B.pdb,0.4257243871688843,2.34375
2HQQ_A.pdb,5WBR_B.pdb,0.5639384984970093,2.34375
3NCA_B.pdb,5WBM_A.pdb,0.4254228174686432,2.21875
4ZCB_B.pdb,2RCT_A.pdb,4.3828558921813965,3.09375
4ZCB_B.pdb,4EDE_A.pdb,3.6748247146606445,3.109375
4ZCB_B.pdb,6C7Z_B.pdb,3.77264666557312,3.046875
3MBC_B.pdb,3MBC_A.pdb,1.4996999502182007,1.625
5VB3_A.pdb,5C4S_A.pdb,0.657061755657196,2.65625
5VB3_A.pdb,5C4O_A.pdb,0.6807942390441895,2.703125
5VB3_A.pdb,4WQP_A.pdb,0.45175546407699585,2.390625
5VB3_A.pdb,4QM0_C.pdb,0.5194253325462341,2.5
5VB3_A.pdb,5NTQ_A.pdb,0.5300276279449463,2.75
3M10_A.pdb,1P52_A.pdb,2.181272268295288,2.609375
3M10_A.pdb,1RL9_A.pdb,2.089289903640747,2.625
3M10_A.pdb,4GVY_A.pdb,2.177107810974121,2.53125
3M10_A.pdb,4GW0_A.pdb,2.157857894897461,2.546875
1K7K_A.pdb,2Q16_A.pdb,1.6440625190734863,2.453125
5UQ9_B.pdb,2JKV_C.pdb,2.4560182094573975,2.46875
2JKV_F.pdb,5UQ9_F.pdb,2.3225860595703125,2.390625
2C1M_A.pdb,4U54_A.pdb,1.6343268156051636,2.296875
2C1M_A.pdb,4U58_A.pdb,1.630192518234253,2.359375
2C1M_A.pdb,4U5N_A.pdb,1.7259886264801025,2.203125
2C1M_A.pdb,4U5O_A.pdb,1.6492611169815063,2.296875
2C1M_A.pdb,4U5L_A.pdb,1.590245008468628,2.21875
3ENM_D.pdb,3VN9_A.pdb,1.0493026971817017,3.984375
3ENM_C.pdb,3FME_A.pdb,0.47229334712028503,3.21875
1FST_B.pdb,1HH4_E.pdb,1.2240166664123535,3.234375
1WAO_2.pdb,4ZX2_A.pdb,0.31003105640411377,2.453125
5XOX_F.pdb,5XOX_D.pdb,0.6725193858146667,5.03125
1Q4K_C.pdb,5NEI_A.pdb,0.5507248044013977,2.546875
1Q4K_C.pdb,5NJE_A.pdb,0.47338876128196716,2.34375
1Q4K_C.pdb,5NN2_A.pdb,0.4376533627510071,2.234375
2Y4P_B.pdb,5AUT_A.pdb,0.4645789563655853,3.140625
2Y4P_D.pdb,4TXC_A.pdb,0.39029502868652344,2.859375
2Y4P_D.pdb,3GU8_A.pdb,0.42123255133628845,3.046875
2Y4P_D.pdb,5AV0_A.pdb,0.480970561504364,3.015625
2Y4P_D.pdb,4YO4_A.pdb,0.484486848115921,3.0
1AF3_A.pdb,4QNQ_B.pdb,0.8716492056846619,3.53125
5HVJ_B.pdb,3S95_B.pdb,0.395563006401062,2.546875
5HVJ_B.pdb,5NXC_L.pdb,0.596637487411499,2.828125
1Q14_A.pdb,2QQG_A.pdb,1.0136513710021973,2.921875
1Q14_A.pdb,1SZD_A.pdb,1.0770702362060547,2.84375
1Q14_A.pdb,2OD2_A.pdb,1.0870153903961182,3.03125
1Q14_A.pdb,2QQG_A.pdb,1.0136513710021973,2.921875
1Q14_A.pdb,1Q1A_A.pdb,1.1613496541976929,2.75
4H39_A.pdb,3RTP_A.pdb,1.6155064105987549,2.859375
4H39_A.pdb,2OK1_A.pdb,1.876563310623169,2.890625
4H3B_C.pdb,3V6S_A.pdb,1.3931190967559814,2.6875
4H39_A.pdb,2R9S_A.pdb,2.1467666625976562,2.9375
4H3B_C.pdb,4KKH_A.pdb,1.4076625108718872,2.890625
4DOT_A.pdb,4Q95_B.pdb,0.4803824722766876,3.140625
1ZHH_A.pdb,4YP9_A.pdb,3.5008275508880615,2.625
1ZHH_A.pdb,4YRZ_A.pdb,3.195584535598755,2.5
1ZHH_A.pdb,2HJ9_A.pdb,3.28904128074646,2.515625
2H6D_A.pdb,4ZHX_A.pdb,1.0384535789489746,3.125
2H6D_A.pdb,5ISO_C.pdb,0.9636064767837524,3.140625
2H6D_A.pdb,5EZV_A.pdb,1.027575969696045,3.046875
2H6D_A.pdb,6B1U_A.pdb,1.006320834159851,3.046875
2H6D_A.pdb,6BX6_A.pdb,0.7441612482070923,3.03125
3ZFX_E.pdb,5MJA_A.pdb,0.5546066761016846,2.28125
3CKH_A.pdb,4W50_D.pdb,0.5017327666282654,3.078125
3KFC_C.pdb,1PQ9_C.pdb,0.5376609563827515,2.703125
3KFC_C.pdb,1PQ9_C.pdb,0.5376609563827515,2.703125
3KFC_C.pdb,1UPV_A.pdb,0.8887954354286194,2.9375
3KFC_C.pdb,4RAK_A.pdb,0.4980417490005493,2.859375
3KFC_C.pdb,5JY3_C.pdb,0.5267413258552551,2.890625
5EPP_A.pdb,5FTJ_B.pdb,1.5996270179748535,4.125
4QYL_A.pdb,5T4U_A.pdb,0.3423002362251282,2.359375
2X4Y_A.pdb,5C6S_A.pdb,0.4394415318965912,2.3125
4QYL_D.pdb,5C85_A.pdb,0.5866824388504028,2.59375
4QYL_A.pdb,5C87_A.pdb,0.3779660761356354,2.15625
4QYL_A.pdb,5C89_A.pdb,0.34018269181251526,2.28125
4LSZ_D.pdb,1SHJ_B.pdb,0.4684771001338959,4.28125
4LSZ_C.pdb,1SHL_B.pdb,0.36028149724006653,2.75
1I51_A.pdb,5V6Z_B.pdb,0.325162410736084,2.734375
1GQF_B.pdb,5V6U_B.pdb,0.3391137421131134,2.875
1JXQ_D.pdb,2AR9_A.pdb,0.45048943161964417,3.015625
3P4U_C.pdb,4N5D_A.pdb,0.28751084208488464,2.859375
3P4U_C.pdb,4N7M_A.pdb,0.3067082464694977,2.75
3P4U_C.pdb,4NBK_A.pdb,0.2884036600589752,2.796875
3P4U_C.pdb,4NBL_A.pdb,0.2935088574886322,2.765625
3P4U_D.pdb,4NBN_B.pdb,0.392996221780777,3.5625
3HR7_A.pdb,1ZUI_A.pdb,0.7450664043426514,3.03125
3HR7_A.pdb,3MUF_A.pdb,0.9353594183921814,3.09375
3HR7_A.pdb,3N2E_B.pdb,0.8949069976806641,2.796875
3HR7_A.pdb,3MUF_A.pdb,0.9353594183921814,3.09375
6BHF_A.pdb,5EZ1_A.pdb,3.756725788116455,2.765625
4FSH_B.pdb,4FQ8_B.pdb,2.5813753604888916,2.765625
4FSH_B.pdb,3PHI_B.pdb,2.011558771133423,2.6875
4FSH_B.pdb,3PHJ_A.pdb,1.975899338722229,2.8125
3S06_A.pdb,3CYQ_K.pdb,1.1876758337020874,3.890625
5ZOP_G.pdb,2VQJ_A.pdb,0.3466499447822571,2.546875
5ZOP_G.pdb,2VQM_A.pdb,0.3079865276813507,2.484375
1ILE_A.pdb,1WK8_B.pdb,0.6268601417541504,3.3125
1FKN_A.pdb,3CKR_B.pdb,0.5418016314506531,2.1875
1FKN_A.pdb,3CKP_B.pdb,0.4013404846191406,2.078125
1FKN_A.pdb,3KYR_B.pdb,0.39909374713897705,2.328125
1FKN_A.pdb,3UDH_A.pdb,0.3959469497203827,2.0
1FKN_A.pdb,3UDJ_A.pdb,0.38916000723838806,2.109375
5T90_C.pdb,5J5F_A.pdb,0.7637978792190552,2.671875
5T90_A.pdb,5J5G_I.pdb,0.9678601622581482,2.65625
5T90_D.pdb,4ZK1_C.pdb,0.7789193987846375,2.609375
5T90_A.pdb,4ZJT_C.pdb,0.9404252171516418,2.5625
5T90_C.pdb,3U8J_G.pdb,0.5331915616989136,2.40625
3QKS_A.pdb,4NCJ_B.pdb,1.1264855861663818,3.8125
3QKS_A.pdb,3QKT_B.pdb,1.2426785230636597,3.96875
1F2T_A.pdb,1F2U_A.pdb,0.6630366444587708,3.125
5J4I_B.pdb,3L1L_A.pdb,0.5713673830032349,3.328125
3QAS_A.pdb,1UEH_B.pdb,0.5018115639686584,2.296875
3QAS_A.pdb,1X08_A.pdb,0.47295111417770386,2.59375
3QAS_A.pdb,1V7U_B.pdb,0.42644378542900085,2.328125
1JP3_B.pdb,4H2J_A.pdb,0.36656591296195984,2.609375
4BKM_B.pdb,5AES_B.pdb,1.0239628553390503,2.859375
1S96_A.pdb,2ANB_A.pdb,1.2880584001541138,3.453125
1S96_A.pdb,2F3R_B.pdb,0.9222665429115295,3.1875
1S96_A.pdb,2AN9_B.pdb,0.7663231492042542,3.046875
1S96_A.pdb,2AN9_B.pdb,0.7663231492042542,3.046875
3VHL_B.pdb,1NF3_A.pdb,0.6683499813079834,3.078125
3VHL_B.pdb,1GRN_A.pdb,0.5853624939918518,2.921875
3VHL_B.pdb,2ODB_A.pdb,0.555036187171936,2.953125
3VHL_B.pdb,5CJP_B.pdb,0.7660272717475891,3.15625
4MGZ_R.pdb,4DXA_A.pdb,0.9110295176506042,3.6875
4MGZ_R.pdb,5KHO_C.pdb,0.7799375057220459,3.78125
5JHG_F.pdb,4XOI_A.pdb,0.4628303647041321,2.796875
5JHG_F.pdb,5A0F_A.pdb,0.37658917903900146,2.421875
1QSW_D.pdb,1HNL_A.pdb,0.33724525570869446,2.53125
1QSW_D.pdb,1BB5_B.pdb,0.4694937765598297,2.421875
1QSW_D.pdb,5LSH_A.pdb,0.3738952875137329,2.109375
1QSW_D.pdb,1REM_A.pdb,0.3750772774219513,2.546875
1QSW_D.pdb,207L_A.pdb,0.3229808211326599,2.40625
2D4D_A.pdb,1I4F_B.pdb,0.8168774843215942,3.34375
5CSB_A.pdb,6C98_D.pdb,0.5446478724479675,3.0625
2D4D_A.pdb,3MZT_F.pdb,1.189184308052063,3.984375
3FKZ_B.pdb,1RNC_A.pdb,0.4256432354450226,2.65625
3FKZ_B.pdb,1JN4_A.pdb,0.4145863354206085,2.78125
3FKZ_B.pdb,4G8V_A.pdb,0.38753819465637207,2.65625
3FKZ_B.pdb,4G8Y_A.pdb,0.36501869559288025,2.578125
3FKZ_B.pdb,4G90_A.pdb,0.35387805104255676,2.65625
4EC7_B.pdb,4EC7_A.pdb,0.5593212842941284,2.8125
1CM4_A.pdb,1QIW_B.pdb,1.8544477224349976,3.515625
1CM4_A.pdb,1XA5_A.pdb,2.785616397857666,3.859375
2ZBS_A.pdb,2GPV_C.pdb,0.43691927194595337,2.53125
1TFC_A.pdb,2EWP_B.pdb,0.5043502449989319,2.546875
6BTA_A.pdb,5TA2_A.pdb,0.33188000321388245,1.53125
6BTA_A.pdb,5T9Z_A.pdb,0.3239573538303375,1.4296875
6BTA_A.pdb,5T9W_A.pdb,0.30649739503860474,1.515625
6BTA_A.pdb,5LUD_A.pdb,0.22474585473537445,1.3125
6BTA_A.pdb,1W8L_A.pdb,0.3712075650691986,1.5234375
4HJK_A.pdb,3I3T_H.pdb,0.5203574299812317,3.578125
5CDW_B.pdb,3IMD_B.pdb,1.1027710437774658,2.96875
5CDW_B.pdb,3IN8_A.pdb,0.9230496883392334,2.90625
1JYU_A.pdb,1CJ1_D.pdb,0.6591689586639404,3.28125
5CDW_B.pdb,3IN7_C.pdb,0.7727795839309692,2.8125
5CDW_C.pdb,3IMJ_B.pdb,1.2556946277618408,3.3125
2NZ8_A.pdb,1RYH_B.pdb,0.35971686244010925,2.578125
2NZ8_A.pdb,1RYF_B.pdb,0.3760644495487213,2.671875
1UUJ_D.pdb,1UUJ_C.pdb,1.4441003799438477,3.171875
2FYS_A.pdb,4N4S_B.pdb,1.8305017948150635,2.78125
2FYS_A.pdb,5HD4_A.pdb,0.7688620686531067,3.109375
2FYS_A.pdb,4QYY_A.pdb,0.8180555701255798,3.03125
2FYS_A.pdb,4XP0_A.pdb,0.7662893533706665,2.984375
2FYS_A.pdb,4XOZ_A.pdb,1.0688669681549072,3.015625
1QJB_A.pdb,5D2D_B.pdb,0.8216419219970703,2.75
3RZW_D.pdb,3KYD_D.pdb,0.5798893570899963,2.546875
4WJQ_A.pdb,3KYC_D.pdb,0.7030209898948669,3.234375
1U4E_A.pdb,2QKS_A.pdb,0.302264541387558,2.359375
3IA0_T.pdb,3I96_C.pdb,0.6533485054969788,2.703125
2NYD_B.pdb,3LNL_B.pdb,0.06614786386489868,1.1484375
4IYP_C.pdb,3K7W_C.pdb,0.5919034481048584,4.28125
4IYP_C.pdb,3K7V_C.pdb,0.6025271415710449,4.25
4IYP_C.pdb,2IE4_C.pdb,0.6069693565368652,4.21875
4IYP_C.pdb,3P71_C.pdb,0.6219273209571838,4.28125
4IYP_C.pdb,4LAC_C.pdb,0.6118557453155518,4.125
3B5U_F.pdb,2Q0U_A.pdb,1.4660060405731201,3.734375
3B5U_B.pdb,1IJJ_B.pdb,1.412397027015686,3.890625
3B5U_F.pdb,1QZ5_A.pdb,1.2510040998458862,3.65625
3B5U_M.pdb,6FM2_A.pdb,1.2701377868652344,3.859375
3B5U_B.pdb,3FFK_B.pdb,1.2904431819915771,3.703125
1Q1E_A.pdb,3PUX_B.pdb,2.2603368759155273,3.03125
1Q1E_B.pdb,4KI0_A.pdb,2.4800667762756348,3.0625
1Q1E_B.pdb,2R6G_B.pdb,2.7594778537750244,3.234375
5MO7_B.pdb,5M44_A.pdb,0.49671655893325806,2.625
4AKE_A.pdb,1ANK_B.pdb,2.1268153190612793,3.71875
4AKE_A.pdb,2ECK_A.pdb,2.0229573249816895,3.578125
4AKE_A.pdb,2ECK_A.pdb,2.0229573249816895,3.578125
4AKE_A.pdb,4X8L_A.pdb,2.117201328277588,3.609375
3FZ7_F.pdb,3FZ6_B.pdb,0.3067266345024109,1.8125
3FZ7_C.pdb,2DGM_E.pdb,0.39867523312568665,2.265625
3FZ7_F.pdb,3FZ8_B.pdb,0.3451956510543823,1.9609375
4J9Z_B.pdb,3SJQ_C.pdb,2.7195587158203125,3.859375
2F48_B.pdb,2F48_A.pdb,0.5805118083953857,2.328125
3ULQ_A.pdb,4I9E_B.pdb,0.7941341996192932,2.265625
3OIC_D.pdb,3OID_B.pdb,0.942362368106842,3.828125
3OIC_D.pdb,3OID_B.pdb,0.942362368106842,3.828125
2WFA_A.pdb,2WF8_A.pdb,1.7826309204101562,2.484375
2WFA_A.pdb,1O03_A.pdb,2.136967897415161,2.703125
2WFA_A.pdb,5OK0_A.pdb,1.906090259552002,2.28125
2WFA_A.pdb,5OLX_A.pdb,2.0050344467163086,2.703125
2WFA_A.pdb,5OLY_G.pdb,2.3507096767425537,2.703125
3GO7_B.pdb,3GO6_A.pdb,0.3999090790748596,2.234375
1Y6I_A.pdb,4XKB_A.pdb,0.277072548866272,2.234375
1Y6I_A.pdb,4XKC_A.pdb,0.3094790577888489,2.34375
5B3U_A.pdb,5B3V_C.pdb,1.9636781215667725,2.796875
5Y2V_C.pdb,5Y2W_A.pdb,2.3490564823150635,3.0625
1S2O_A.pdb,2B1R_A.pdb,1.5861992835998535,2.1875
1S2O_A.pdb,2D2V_A.pdb,1.5697941780090332,2.34375
1S2O_A.pdb,1TJ4_A.pdb,1.6028062105178833,2.265625
1S2O_A.pdb,1U2T_A.pdb,1.566521167755127,2.296875
1S2O_A.pdb,2B1Q_A.pdb,1.6243034601211548,2.21875
5OL5_D.pdb,3NZM_A.pdb,9.615957260131836,2.96875
5MWV_A.pdb,2IWV_B.pdb,0.7767547965049744,5.03125
5MWV_A.pdb,2WVP_A.pdb,1.48064124584198,4.9375
1F47_B.pdb,1Y2G_A.pdb,0.46981966495513916,2.578125
1F47_B.pdb,1S1J_A.pdb,0.44491052627563477,2.4375
1F47_B.pdb,1S1S_B.pdb,0.5316166281700134,2.65625
1F47_B.pdb,1Y2F_A.pdb,0.5149567127227783,2.40625
4K7K_A.pdb,4K7R_A.pdb,2.484386682510376,4.46875
4TOZ_B.pdb,3O9P_A.pdb,6.276436805725098,2.125
4WKG_B.pdb,1Z7E_F.pdb,3.3271005153656006,2.25
4WKG_B.pdb,1Z7E_F.pdb,3.3271005153656006,2.25
4WKG_B.pdb,4WKG_D.pdb,2.4213767051696777,1.5546875
1Z2L_A.pdb,4PXD_A.pdb,2.1944844722747803,2.078125
3H49_B.pdb,3IN1_A.pdb,0.46558043360710144,2.421875
1OQF_A.pdb,1XG4_A.pdb,0.30942288041114807,2.0625
1OQF_A.pdb,1XG3_A.pdb,0.29871270060539246,1.9765625
4PPE_A.pdb,2XEU_A.pdb,0.4951383173465729,3.421875
1BO1_A.pdb,3X06_B.pdb,0.46712926030158997,3.078125
1BO1_A.pdb,3X09_B.pdb,0.4867076873779297,3.03125
1BO1_A.pdb,3X03_B.pdb,0.4771069586277008,3.078125
1BO1_A.pdb,3X04_B.pdb,0.4631206691265106,3.0625
3CKI_A.pdb,2FV5_A.pdb,0.4204312264919281,2.328125
3CKI_A.pdb,3EDZ_A.pdb,0.4096839129924774,2.265625
2PL6_B.pdb,2PL7_B.pdb,0.5309025049209595,3.34375
2PL6_B.pdb,3QQT_B.pdb,0.44101682305336,3.03125
3DTQ_B.pdb,4K19_B.pdb,0.47009196877479553,2.765625
3FW4_B.pdb,6GR0_A.pdb,0.8284010887145996,4.09375
3K3L_B.pdb,5NKN_A.pdb,0.7407482862472534,3.96875
4MVK_A.pdb,4ZHC_B.pdb,0.4617132246494293,2.640625
3TT6_A.pdb,3KTJ_B.pdb,0.5781053900718689,3.015625
4J4E_F.pdb,3GXY_B.pdb,14.447504043579102,3.421875
4J4E_F.pdb,3GXZ_A.pdb,14.275577545166016,3.53125
4NQY_B.pdb,4KP1_A.pdb,0.5781068205833435,3.171875
3PPC_A.pdb,4QQU_A.pdb,1.7544056177139282,2.46875
3PPC_A.pdb,4L65_A.pdb,0.6202313899993896,2.25
3PPC_A.pdb,4L6H_A.pdb,0.5490236878395081,2.015625
2Q9C_B.pdb,2J7P_E.pdb,1.6768887042999268,3.296875
2Q9C_B.pdb,2IYL_D.pdb,0.9753624200820923,3.078125
2Q9C_B.pdb,1RJ9_A.pdb,1.5724819898605347,3.21875
2Q9C_B.pdb,2CNW_E.pdb,1.0543967485427856,3.34375
1UFL_C.pdb,1V9O_A.pdb,0.4365374445915222,2.859375
1UFL_C.pdb,1V3S_A.pdb,0.4050014913082123,2.984375
2H3R_A.pdb,2OA5_B.pdb,2.3847837448120117,3.734375
1PZE_A.pdb,1PZG_B.pdb,0.31963813304901123,1.9609375
1PZE_A.pdb,1PZH_B.pdb,0.31722232699394226,1.796875
1PZE_A.pdb,3OM9_A.pdb,0.30705252289772034,1.859375
1O9D_A.pdb,3E6Y_B.pdb,0.6498033404350281,2.703125
3FXQ_B.pdb,3FXR_A.pdb,1.195177674293518,2.53125
3V6G_A.pdb,3V78_A.pdb,2.173413038253784,3.1875
2VNC_B.pdb,2VR5_A.pdb,1.1370344161987305,3.34375
4OOC_A.pdb,5NJI_A.pdb,0.5559373497962952,2.328125
1PN3_B.pdb,1PNV_A.pdb,2.254523992538452,2.6875
1PN3_B.pdb,3H4I_A.pdb,2.3724770545959473,2.890625
1PN3_B.pdb,3H4T_A.pdb,2.4099655151367188,2.953125
3L1A_B.pdb,3RUX_A.pdb,0.6164551377296448,3.109375
4G35_A.pdb,5KU9_B.pdb,0.6887865662574768,3.0625
4G35_A.pdb,5MES_A.pdb,0.5422321557998657,3.0625
4G35_A.pdb,5MEV_A.pdb,0.6722763776779175,3.359375
1NTV_A.pdb,1OQN_B.pdb,0.36395764350891113,2.46875
1QXP_A.pdb,2G8E_A.pdb,2.1070947647094727,4.125
1QXP_A.pdb,2G8J_A.pdb,2.149143934249878,4.09375
1QXP_A.pdb,1TLO_A.pdb,2.1418731212615967,4.1875
1QXP_A.pdb,2R9C_A.pdb,2.3673532009124756,4.1875
1QXP_A.pdb,2R9F_A.pdb,2.2088358402252197,4.15625
2OPZ_C.pdb,2VSL_A.pdb,0.3444231450557709,2.46875
2OPZ_D.pdb,5C0L_A.pdb,0.5131651759147644,2.890625
2OPZ_D.pdb,5C0K_A.pdb,0.45809364318847656,2.828125
2OPZ_D.pdb,5C3H_A.pdb,0.4947351813316345,3.015625
2OPZ_D.pdb,5C3K_A.pdb,0.4780510663986206,2.875
2I6Y_A.pdb,3RV7_D.pdb,1.2172913551330566,3.0625
2I6Y_A.pdb,3RV8_D.pdb,1.1310151815414429,3.0
2I6Y_A.pdb,3RV9_A.pdb,1.2037758827209473,2.9375
2I6Y_A.pdb,3ST6_A.pdb,1.2134839296340942,3.0
3QJA_A.pdb,4FB7_A.pdb,0.7737444043159485,3.265625
2O2E_A.pdb,5TCJ_B.pdb,6.1502366065979,3.203125
2O2E_A.pdb,6DUA_B.pdb,6.133966445922852,3.328125
2O2E_A.pdb,6DWE_B.pdb,6.104533672332764,3.265625
2O2E_A.pdb,6DWE_F.pdb,6.256882667541504,3.359375
2O2E_A.pdb,6DU1_H.pdb,6.311723709106445,3.1875
2I1U_A.pdb,3O6T_A.pdb,0.4673173427581787,2.6875
4TRM_B.pdb,3FNE_C.pdb,0.3558626174926758,2.046875
4TRM_C.pdb,2B36_D.pdb,0.35115131735801697,2.03125
4TRM_D.pdb,4OHU_D.pdb,0.17697015404701233,1.4375
4TRM_F.pdb,4OYR_D.pdb,0.32252514362335205,2.0
4TRM_C.pdb,4OXY_D.pdb,0.2858884036540985,1.90625
4X3F_C.pdb,6B2Q_A.pdb,1.8917477130889893,2.640625
4X3F_C.pdb,6B2Q_C.pdb,1.823297381401062,2.765625
2FP2_A.pdb,2AO2_B.pdb,0.2847195267677307,2.28125
2FP2_A.pdb,2FP2_B.pdb,0.6334887742996216,2.5625
2W19_D.pdb,2VKL_A.pdb,1.1236728429794312,3.546875
2PKF_B.pdb,2PKK_A.pdb,0.5196870565414429,2.296875
2PKF_B.pdb,2PKM_A.pdb,0.5357903242111206,2.375
2PKF_B.pdb,4PVV_A.pdb,0.6199356913566589,2.921875
3QF3_F.pdb,3QF3_E.pdb,3.6941304206848145,2.9375
3QF3_F.pdb,3QF3_A.pdb,2.064540147781372,2.65625
5WRP_B.pdb,5WSC_C.pdb,0.662687361240387,2.4375
5WRP_B.pdb,5WS9_C.pdb,0.6073967814445496,2.296875
5WRP_B.pdb,5WSC_C.pdb,0.662687361240387,2.4375
5UQ4_A.pdb,4NL5_B.pdb,0.8054638504981995,3.453125
1F61_B.pdb,1F8I_A.pdb,0.2160247266292572,1.953125
5NZ1_G.pdb,5NJ0_A.pdb,0.7260823845863342,3.234375
5NZ1_G.pdb,5NIO_A.pdb,0.8908371925354004,3.109375
5NZ1_G.pdb,5NIM_A.pdb,0.7573872804641724,3.1875
5NZ1_G.pdb,5EYR_A.pdb,0.8734623789787292,3.21875
5NZ1_G.pdb,3SFI_A.pdb,0.7279693484306335,3.140625
5D1R_B.pdb,5D1R_A.pdb,0.9192458987236023,2.65625
5HSM_A.pdb,5X7Z_A.pdb,2.590151309967041,3.0625
5HSM_A.pdb,5X80_A.pdb,2.859973669052124,3.1875
3D0S_B.pdb,3I54_C.pdb,2.8334648609161377,3.78125
3D0S_B.pdb,3I59_A.pdb,2.6932260990142822,3.609375
3D0S_B.pdb,3I59_B.pdb,2.456923723220825,3.78125
4RAE_B.pdb,4R8D_B.pdb,1.9947173595428467,3.3125
2Y89_A.pdb,2Y88_A.pdb,0.9148459434509277,2.90625
1NH7_A.pdb,1NH8_A.pdb,1.750044584274292,2.8125
1NH7_A.pdb,5LHT_A.pdb,1.5118540525436401,2.96875
5F91_D.pdb,5F91_C.pdb,0.1993456333875656,1.75
3NO9_C.pdb,4APB_A.pdb,0.45137473940849304,2.140625
4ADL_A.pdb,4ADL_C.pdb,0.19492055475711823,1.265625
1Z9W_A.pdb,1NBU_F.pdb,0.9406694769859314,3.5
3ZHZ_B.pdb,3RAS_A.pdb,1.2928664684295654,2.640625
3ZHZ_B.pdb,3RAS_A.pdb,1.2928664684295654,2.640625
3ZHZ_B.pdb,4OOE_D.pdb,1.4560894966125488,2.53125
3ZHZ_B.pdb,4OOE_D.pdb,1.4560894966125488,2.53125
3P16_B.pdb,5AGU_A.pdb,0.9436014294624329,2.90625
1YL5_B.pdb,1C3V_A.pdb,3.099210023880005,2.734375
1YL5_B.pdb,1P9L_A.pdb,3.028920888900757,2.375
3FGP_B.pdb,5I7A_D.pdb,0.8207666277885437,2.9375
3FGP_B.pdb,5I7H_D.pdb,0.8775405883789062,3.046875
3FGP_B.pdb,5I7R_B.pdb,0.4982837438583374,2.71875
3FGP_B.pdb,5IW8_B.pdb,0.5838307738304138,2.84375
3FGP_B.pdb,5I6D_D.pdb,0.9225324392318726,3.0
2IYT_A.pdb,1WE2_A.pdb,0.7660350799560547,3.234375
2IYT_A.pdb,1ZYU_A.pdb,0.9362121224403381,3.375
2IYT_A.pdb,2IYZ_A.pdb,0.7936983704566956,3.0
2IYT_A.pdb,3BAF_A.pdb,1.174156904220581,3.40625
2IYT_A.pdb,2IYW_A.pdb,0.33626091480255127,2.3125
2VHY_A.pdb,2VHW_F.pdb,2.339372396469116,2.625
2VHY_A.pdb,2VOJ_A.pdb,2.3617308139801025,2.8125
2VHY_A.pdb,2VOJ_A.pdb,2.3617308139801025,2.8125
3NE3_B.pdb,3HQJ_A.pdb,1.4154950380325317,3.53125
3FP9_K.pdb,5KWA_A.pdb,0.43854159116744995,3.46875
1DQZ_B.pdb,1DQY_A.pdb,0.23980934917926788,2.046875
1DQZ_B.pdb,5KWI_A.pdb,0.2092565894126892,2.09375
1DQZ_B.pdb,5KWJ_A.pdb,0.21971887350082397,2.109375
4QDU_A.pdb,5OCJ_B.pdb,0.21778462827205658,1.953125
3OTJ_E.pdb,3HGN_A.pdb,0.846308171749115,3.953125
2BF2_A.pdb,3DHH_E.pdb,0.5321577787399292,2.859375
2BF2_A.pdb,3Q14_E.pdb,0.5577546954154968,3.0
2BF2_A.pdb,3Q3M_H.pdb,0.5742743015289307,2.953125
1BLX_A.pdb,4TTH_B.pdb,0.9346774220466614,3.625
1BLX_A.pdb,2F2C_B.pdb,0.8686214089393616,3.671875
1BLX_A.pdb,1XO2_B.pdb,1.0909368991851807,3.578125
1BLX_A.pdb,2EUF_B.pdb,0.9002082943916321,3.4375
4D4R_B.pdb,2J0L_A.pdb,1.1948002576828003,2.609375
4D4R_B.pdb,4C7T_A.pdb,0.6092594861984253,2.1875
2AL6_B.pdb,2J0K_B.pdb,0.5745026469230652,2.953125
4D4R_B.pdb,4D5H_A.pdb,0.5699917078018188,2.0
4D4R_B.pdb,4D58_B.pdb,1.1265745162963867,2.328125
1UYV_B.pdb,3TVW_C.pdb,0.3395288586616516,2.09375
1UYV_B.pdb,4WYO_C.pdb,0.44330766797065735,2.109375
1UYV_B.pdb,4WZ8_C.pdb,0.4265259802341461,2.0625
1UYV_B.pdb,5CTB_C.pdb,0.32016706466674805,2.078125
1UYV_B.pdb,5CTC_C.pdb,0.36456745862960815,2.046875
4UE1_A.pdb,4JVE_A.pdb,0.8040659427642822,3.890625
4UE1_A.pdb,4HBM_G.pdb,0.5110392570495605,3.453125
4UE1_A.pdb,4ERF_C.pdb,0.4502525329589844,3.296875
4UD7_A.pdb,4ERE_B.pdb,0.5761107802391052,3.65625
4UE1_A.pdb,3TU1_A.pdb,0.41832220554351807,3.09375
3ZZG_D.pdb,3ZZH_C.pdb,1.081435203552246,2.890625
1W8J_A.pdb,1W7J_A.pdb,3.524574041366577,2.53125
1FVR_A.pdb,2P4I_B.pdb,0.504234254360199,2.71875
1FVR_B.pdb,2OSC_A.pdb,0.4018996059894562,2.671875
1FVR_B.pdb,2OO8_X.pdb,0.3829871118068695,2.5625
2P22_B.pdb,2F6M_D.pdb,2.6649324893951416,4.15625
4LAV_B.pdb,4TW8_A.pdb,3.6901049613952637,2.328125
4LAV_A.pdb,4LAX_A.pdb,3.8932812213897705,1.9765625
4LAV_A.pdb,4LAY_A.pdb,3.9899227619171143,1.9140625
2GWX_B.pdb,2Q5G_A.pdb,0.732914388179779,3.390625
2GWX_A.pdb,3OZ0_A.pdb,0.5444082021713257,3.078125
2GWX_A.pdb,5U3R_A.pdb,0.25882673263549805,2.484375
2GWX_A.pdb,3SP9_A.pdb,0.7709234356880188,3.0625
2GWX_A.pdb,2XYX_A.pdb,0.5299407243728638,2.71875
2FU3_A.pdb,4U90_A.pdb,0.5313970446586609,2.375
2KJ3_B.pdb,2LBU_B.pdb,1.0300711393356323,4.1875
4NTZ_A.pdb,4W5J_B.pdb,1.251816749572754,3.46875
3EIS_C.pdb,3IP8_A.pdb,0.6820953488349915,2.90625
3EIS_C.pdb,3IXL_A.pdb,0.593194842338562,2.90625
2EBO_C.pdb,6F6S_B.pdb,19.395038604736328,5.46875
2EBO_C.pdb,6G9I_B.pdb,17.27205467224121,5.5
2EBO_C.pdb,5JQB_B.pdb,21.1588134765625,5.5
2EBO_C.pdb,6G9B_B.pdb,20.58992576599121,5.4375
2EBO_C.pdb,6G95_B.pdb,17.298749923706055,5.5625
1CBU_C.pdb,1C9K_B.pdb,0.5274649858474731,3.015625
4G8K_B.pdb,1WDY_A.pdb,0.4035928547382355,2.328125
5K7J_B.pdb,4IWW_B.pdb,0.5081881880760193,2.890625
5K7J_B.pdb,4OU1_A.pdb,0.6166712045669556,2.6875
5K7J_B.pdb,3NZ1_A.pdb,0.4850236475467682,2.65625
5K7J_B.pdb,4A29_A.pdb,0.45449298620224,2.5
5K7J_B.pdb,4OU1_A.pdb,0.6166712045669556,2.6875
5X7B_A.pdb,2SHP_A.pdb,9.718385696411133,3.546875
5X7B_A.pdb,5EHR_B.pdb,10.084656715393066,3.390625
5X7B_A.pdb,5EHP_A.pdb,9.022855758666992,3.4375
3ZM1_A.pdb,4PVG_A.pdb,0.4036485254764557,2.234375
5X94_B.pdb,5XZR_A.pdb,9.772483825683594,3.921875
5BV3_D.pdb,5BV3_C.pdb,6.731649875640869,1.9609375
1K2P_B.pdb,3PIX_A.pdb,0.9348527193069458,3.4375
3P08_A.pdb,3PIZ_A.pdb,0.7491057515144348,2.796875
3P08_A.pdb,3PJ2_A.pdb,1.0599483251571655,2.796875
3P08_A.pdb,3PJ3_A.pdb,0.9417926669120789,2.75
1K2P_A.pdb,5P9I_A.pdb,0.6057377457618713,3.4375
3HY2_B.pdb,4XCS_D.pdb,0.6090603470802307,2.578125
4OEP_B.pdb,4OEP_A.pdb,0.32857733964920044,2.34375
4WZI_A.pdb,4NW7_A.pdb,0.3542248010635376,2.296875
4WZI_A.pdb,3D3P_A.pdb,0.30140039324760437,2.390625
4WZI_A.pdb,4MYQ_A.pdb,0.34671130776405334,2.421875
4WZI_A.pdb,3KKT_B.pdb,0.3755292296409607,2.484375
4WZI_A.pdb,3GWT_A.pdb,0.3024185001850128,2.328125
1V0B_A.pdb,1V0O_A.pdb,0.7468985915184021,2.90625
3Q68_C.pdb,2ZFN_A.pdb,0.64551842212677,2.71875
4HNJ_A.pdb,3SPF_A.pdb,15.09909725189209,4.125
4HNJ_A.pdb,4EHR_A.pdb,21.246387481689453,4.0625
4HNJ_A.pdb,3SP7_A.pdb,21.51883888244629,4.25
4HNJ_A.pdb,4TUH_E.pdb,22.443771362304688,4.5625
4HNJ_B.pdb,4QVX_A.pdb,21.79476547241211,4.65625
5UUM_A.pdb,4ZBI_B.pdb,0.9898607730865479,3.71875
5W89_A.pdb,4OQ6_B.pdb,1.5703541040420532,3.46875
5UUM_A.pdb,4OQ5_B.pdb,0.566127359867096,3.71875
5UUM_A.pdb,4HW2_A.pdb,0.8633476495742798,3.8125
3KZ0_A.pdb,4HW3_L.pdb,0.6810267567634583,3.625
2II0_A.pdb,4NYI_S.pdb,2.311251401901245,2.515625
2II0_A.pdb,4NYJ_S.pdb,2.28578782081604,2.46875
2II0_A.pdb,5WFO_N.pdb,2.222346067428589,2.375
2II0_A.pdb,5WFQ_N.pdb,2.2771642208099365,2.421875
2II0_A.pdb,5WFR_N.pdb,2.3640224933624268,2.421875
3TO6_A.pdb,5J9W_I.pdb,0.781791627407074,2.90625
6GYT_B.pdb,5LKZ_A.pdb,0.3291276693344116,2.8125
6GYT_B.pdb,5LKT_A.pdb,0.31293216347694397,2.59375
6GYT_B.pdb,5LKX_A.pdb,0.3222823143005371,2.78125
6GYT_B.pdb,4BHW_B.pdb,0.40916624665260315,3.203125
4XGU_C.pdb,4XGU_E.pdb,0.991195023059845,2.828125
3S6G_B.pdb,3S6G_Y.pdb,3.2719690799713135,3.203125
5DMH_B.pdb,5DMH_A.pdb,3.992413282394409,2.109375
2NPO_A.pdb,5T2Y_B.pdb,0.33603209257125854,2.546875
2NPO_A.pdb,3BSY_A.pdb,0.37247177958488464,2.375
2NPO_A.pdb,2VHE_A.pdb,0.35512033104896545,2.5
2I10_A.pdb,2I10_B.pdb,1.6192370653152466,2.859375
2NP5_D.pdb,2NP5_B.pdb,0.4613158404827118,2.90625
3H84_B.pdb,2WOJ_B.pdb,0.6647663712501526,3.4375
3H84_B.pdb,4XTR_B.pdb,0.6289569139480591,3.578125
1OX7_A.pdb,1P6O_B.pdb,0.23580041527748108,2.5
5JNE_C.pdb,3UQA_A.pdb,0.7942565083503723,3.140625
5JNE_G.pdb,4GGQ_B.pdb,0.6217299699783325,2.96875
5C74_A.pdb,5H5D_A.pdb,0.6546911001205444,2.84375
5C74_A.pdb,5H5E_A.pdb,0.6552844643592834,2.75
5C74_A.pdb,5H5F_A.pdb,0.6965423822402954,2.671875
5F3K_B.pdb,4Z1F_A.pdb,0.6757017970085144,3.578125
5F3K_B.pdb,4Z1H_A.pdb,0.6985490322113037,3.578125
5F3K_B.pdb,5Y3O_A.pdb,0.654309093952179,3.640625
5F3K_B.pdb,5Y3N_A.pdb,0.6156467795372009,3.546875
5F3K_B.pdb,5F5R_A.pdb,0.8161059021949768,3.828125
4ZU4_D.pdb,4ZU4_C.pdb,0.3553328514099121,1.8203125
4ZLO_B.pdb,4ZJI_D.pdb,1.7714719772338867,3.4375
1F3M_D.pdb,4DAW_A.pdb,2.090019702911377,3.1875
1F3M_C.pdb,2HY8_1.pdb,2.058702230453491,3.09375
1F3M_D.pdb,4P90_A.pdb,2.2345616817474365,3.203125
1F3M_C.pdb,4O0T_A.pdb,2.038339138031006,3.34375
4IC8_B.pdb,4ZSG_A.pdb,1.138443112373352,4.15625
4IC8_B.pdb,4ZSL_A.pdb,1.1700962781906128,4.09375
4IC8_B.pdb,4ZSJ_A.pdb,1.1768585443496704,4.0625
4IC8_B.pdb,5BYZ_A.pdb,1.4148355722427368,4.09375
4IC8_B.pdb,5BYY_A.pdb,1.2066338062286377,4.03125
4LG4_B.pdb,5DH3_A.pdb,0.7195625901222229,2.71875
4LG4_E.pdb,6AO5_A.pdb,0.7258763313293457,3.28125
2V64_D.pdb,2VFX_G.pdb,1.7503149509429932,3.984375
4GOK_G.pdb,6H6A_D.pdb,0.6601661443710327,2.484375
4EB9_A.pdb,4HY4_A.pdb,0.33068883419036865,2.453125
4EB9_A.pdb,4LGE_A.pdb,0.2978938817977905,2.484375
3T6P_A.pdb,4KMN_A.pdb,0.3620947003364563,2.453125
3T6P_A.pdb,5M6N_A.pdb,0.3301672041416168,2.703125
1F8A_B.pdb,3KAH_A.pdb,0.34856390953063965,2.640625
1F8A_B.pdb,4U85_A.pdb,0.34692662954330444,2.5
1F8A_B.pdb,2Q5A_A.pdb,0.3125312924385071,2.4375
1F8A_B.pdb,2ZR4_A.pdb,0.3790512681007385,2.625
1F8A_B.pdb,4TYO_B.pdb,0.3707670569419861,2.78125
1T5I_A.pdb,1XTJ_A.pdb,0.6522505879402161,3.78125
6CZ2_A.pdb,5DA3_A.pdb,0.8635832667350769,2.78125
6CZ2_A.pdb,5H2U_B.pdb,0.9683460593223572,2.90625
6CZ2_A.pdb,6CZ4_A.pdb,1.2506322860717773,2.875
4KU8_C.pdb,4KU7_A.pdb,1.1447649002075195,2.890625
4KU8_C.pdb,5J48_A.pdb,1.207977294921875,3.0625
4KU8_C.pdb,5JAX_A.pdb,1.2403169870376587,3.015625
4KU8_C.pdb,5JD7_A.pdb,1.3148746490478516,3.046875
4KU8_C.pdb,4QX5_A.pdb,1.1206384897232056,3.015625
4FGB_A.pdb,4FG7_A.pdb,1.8860585689544678,3.21875
3FZO_A.pdb,3ET7_A.pdb,1.02191162109375,3.203125
3FZO_A.pdb,3FZR_A.pdb,0.9356400966644287,2.875
4BBA_A.pdb,4LY9_B.pdb,1.0011500120162964,2.65625
4BBA_A.pdb,4MSU_B.pdb,0.995939314365387,2.75
4BBA_A.pdb,4OHK_B.pdb,1.0095036029815674,2.78125
4BBA_A.pdb,4OHM_B.pdb,1.0083473920822144,2.65625
4BBA_A.pdb,4OHO_B.pdb,1.011257529258728,2.765625
4WWQ_B.pdb,4WWQ_A.pdb,0.42940881848335266,3.203125
5TWU_B.pdb,4UMT_A.pdb,1.2107125520706177,2.515625
4IXP_A.pdb,4D2V_D.pdb,1.624166488647461,3.171875
4IXP_A.pdb,4D2T_D.pdb,1.4389294385910034,3.21875
5TWU_A.pdb,4UMU_A.pdb,1.2094786167144775,2.515625
4IXP_A.pdb,4UMP_D.pdb,1.346926212310791,3.03125
3KJN_B.pdb,4PS1_D.pdb,0.15106382966041565,2.53125
2V0V_B.pdb,4N73_A.pdb,1.3148221969604492,3.78125
2V0V_B.pdb,3CQV_A.pdb,1.28827702999115,4.25
5AYX_F.pdb,4KWW_A.pdb,1.1650776863098145,2.84375
5AYX_F.pdb,5AYZ_C.pdb,1.0694208145141602,2.796875
4N3Y_C.pdb,1X79_B.pdb,3.5759615898132324,3.78125
3BCE_A.pdb,2R4B_A.pdb,0.8615002036094666,2.625
3BCE_A.pdb,3BBT_B.pdb,0.7690200209617615,2.953125
4NIF_A.pdb,2Z7R_A.pdb,1.4720557928085327,5.40625
1NDD_B.pdb,3GZN_J.pdb,0.5741796493530273,3.109375
4MI5_A.pdb,5HYN_F.pdb,2.172122001647949,3.59375
3VDM_A.pdb,3T7D_B.pdb,0.45156580209732056,2.421875
3VDM_A.pdb,4F9F_B.pdb,0.3393244743347168,2.328125
2C83_A.pdb,2C84_A.pdb,0.729479968547821,2.578125
2C83_A.pdb,2IIB_A.pdb,1.1033629179000854,2.765625
2C83_A.pdb,2IHZ_A.pdb,1.0469324588775635,2.71875
2C83_A.pdb,2ILV_A.pdb,1.180960774421692,2.875
4JYX_C.pdb,4JXY_A.pdb,0.44658198952674866,2.421875
5ETI_A.pdb,3UVR_A.pdb,1.169310450553894,2.953125
1WFC_A.pdb,3UVP_A.pdb,0.8838807940483093,2.65625
2OKR_A.pdb,4EH4_A.pdb,0.8216899037361145,2.625
2OKR_D.pdb,4EH7_A.pdb,0.747369647026062,2.5
2Y8O_A.pdb,4EH9_A.pdb,0.9700949192047119,2.296875
4HR9_B.pdb,5HI3_B.pdb,0.5501294732093811,2.5625
4HR9_B.pdb,5HI4_A.pdb,0.5947599411010742,2.4375
4HR9_B.pdb,5HI5_B.pdb,0.5659551024436951,2.640625
1DFC_B.pdb,6B0T_C.pdb,0.7876886129379272,2.578125
6BBA_F.pdb,1TG6_D.pdb,0.35726889967918396,2.828125
1F12_B.pdb,1IL0_B.pdb,2.2765204906463623,2.296875
1F12_B.pdb,1IL0_B.pdb,2.2765204906463623,2.296875
4DYT_B.pdb,4DYP_A.pdb,0.615933358669281,3.171875
4DYT_B.pdb,4DYN_A.pdb,0.6451987624168396,3.078125
4DYT_B.pdb,3TG6_A.pdb,0.6121940612792969,3.15625
4DYT_B.pdb,4DYB_A.pdb,0.6427052021026611,3.140625
4DYT_B.pdb,4DYA_A.pdb,0.6591722965240479,3.109375
4NYK_A.pdb,2QTS_C.pdb,0.3827292323112488,2.46875
6B02_B.pdb,6B06_B.pdb,1.8775430917739868,2.921875
6B02_B.pdb,6B07_B.pdb,1.8896702527999878,2.78125
6B02_B.pdb,6B06_B.pdb,1.8775430917739868,2.921875
1DBR_A.pdb,1QK3_B.pdb,1.2939196825027466,3.546875
1DBR_A.pdb,1FSG_A.pdb,0.7129085659980774,2.875
1DBR_A.pdb,1QK4_A.pdb,0.621258556842804,2.71875
1DBR_A.pdb,1FSG_A.pdb,0.7129085659980774,2.875
1DBR_A.pdb,1QK5_B.pdb,0.5802793502807617,2.71875
3KIF_C.pdb,3KIF_G.pdb,13.047391891479492,3.5
1PKL_G.pdb,3HQP_N.pdb,0.6436713337898254,2.625
1PKL_G.pdb,3HQP_N.pdb,0.6436713337898254,2.625
1SL7_A.pdb,1EL4_A.pdb,2.1216979026794434,4.09375
1SL7_A.pdb,1S36_A.pdb,2.012702226638794,4.125
1SL7_A.pdb,1SL9_A.pdb,2.1303341388702393,4.25
4A57_D.pdb,4A5A_A.pdb,1.4579623937606812,2.390625
1RGI_G.pdb,2FGH_B.pdb,21.35540199279785,3.3125
4DQ7_A.pdb,4DQJ_A.pdb,0.42619022727012634,2.421875
1B6B_A.pdb,1CJW_A.pdb,0.7644063234329224,3.484375
1OOY_A.pdb,3OXO_E.pdb,0.9459499716758728,2.0
3V1Q_A.pdb,3V1R_A.pdb,0.440194696187973,2.734375
3AG5_B.pdb,3AG6_A.pdb,2.944140911102295,2.75
5HE8_D.pdb,5HE9_A.pdb,0.8776493668556213,3.375
4A0Y_B.pdb,4A0Z_A.pdb,0.3799678683280945,2.296875
3QWD_F.pdb,5DL1_A.pdb,0.3699476420879364,2.796875
3FA3_J.pdb,3FA3_M.pdb,0.48002156615257263,2.828125
1HZZ_B.pdb,1NM5_A.pdb,0.6723017692565918,2.421875
1HZZ_B.pdb,1PTJ_A.pdb,0.7223575711250305,2.6875
1HZZ_B.pdb,2OO5_B.pdb,1.022344946861267,2.46875
3B1O_B.pdb,3B1N_A.pdb,0.679689884185791,2.71875
3B1O_B.pdb,3B1P_A.pdb,0.6014702320098877,2.65625
3B1O_B.pdb,3B1P_A.pdb,0.6014702320098877,2.65625
4IWH_A.pdb,4XXV_B.pdb,2.7121994495391846,1.9375
3N74_C.pdb,6B9U_A.pdb,0.22198033332824707,1.578125
5TFN_A.pdb,5YOF_B.pdb,0.4421195685863495,3.0625
5TFN_A.pdb,5YOD_F.pdb,0.401408851146698,3.140625
5U04_A.pdb,5U0B_A.pdb,0.5783587694168091,2.90625
2Q0C_B.pdb,2NOM_A.pdb,1.1855216026306152,2.921875
2Q0C_B.pdb,2Q0C_A.pdb,0.6254895925521851,2.859375
2Q0C_B.pdb,2Q0D_A.pdb,0.6418595314025879,2.796875
2Q0C_B.pdb,2Q0E_A.pdb,0.5730491876602173,2.765625
2Q0C_B.pdb,2Q0F_A.pdb,0.6205049157142639,2.84375
3R74_B.pdb,3R75_A.pdb,9.501667022705078,2.734375
2HKX_B.pdb,2HKX_A.pdb,0.9129433631896973,3.484375
5JP3_A.pdb,5JP1_A.pdb,0.32031142711639404,2.171875
3KHE_A.pdb,3HZT_A.pdb,11.627431869506836,5.1875
5C5I_A.pdb,4ZQB_B.pdb,3.8196587562561035,2.09375
3D63_A.pdb,3EJ2_A.pdb,0.6383303999900818,2.3125
3UYI_A.pdb,3V0S_A.pdb,0.27838820219039917,2.28125
4LOJ_A.pdb,4KBY_A.pdb,0.6351434588432312,3.578125
4KC0_A.pdb,4JC5_B.pdb,0.8333149552345276,3.5625
4KC0_A.pdb,4LOJ_B.pdb,0.6207984685897827,3.390625
4KC0_A.pdb,4LOK_B.pdb,0.5768211483955383,3.5625
4KC0_B.pdb,4YP1_A.pdb,0.7053523063659668,3.3125
2G7N_A.pdb,2G7Q_A.pdb,0.3342110812664032,2.3125
3ZV3_B.pdb,3ZV6_A.pdb,0.392118901014328,2.515625
3ZV3_B.pdb,3ZV5_A.pdb,0.38265514373779297,2.5625
3ZV3_B.pdb,3ZV6_A.pdb,0.392118901014328,2.515625
4AST_E.pdb,4AUB_H.pdb,0.18826043605804443,1.4453125
1OJ7_C.pdb,1OJ7_B.pdb,0.8663336634635925,1.6015625
2CIM_B.pdb,2CJA_A.pdb,1.4403796195983887,2.421875
2CIM_B.pdb,2CJ9_A.pdb,1.1459159851074219,2.453125
5IGH_A.pdb,5IGJ_A.pdb,0.794359564781189,2.53125
5IGH_A.pdb,5IGP_A.pdb,0.9727871417999268,2.546875
5IGH_A.pdb,5IGR_A.pdb,0.7826483249664307,2.5625
5IGH_A.pdb,5IGS_A.pdb,0.7688262462615967,2.484375
5IGH_A.pdb,5IGR_A.pdb,0.7826483249664307,2.5625
3H5A_C.pdb,3H9J_D.pdb,1.5937741994857788,2.46875
1AYY_C.pdb,4R4Y_A.pdb,0.6260800957679749,3.1875
4RHF_A.pdb,4RHE_C.pdb,0.42481961846351624,2.359375
3QV9_A.pdb,4KS0_B.pdb,0.7087639570236206,2.21875
1W62_B.pdb,1W62_A.pdb,2.0633745193481445,2.171875
5EUC_B.pdb,1I0I_B.pdb,0.5709713101387024,2.5625
5EUC_B.pdb,1I0I_B.pdb,0.5709713101387024,2.5625
2O6R_A.pdb,5IJC_A.pdb,0.6082847714424133,3.9375
2O6R_A.pdb,3A7B_A.pdb,1.4499263763427734,4.75
2O6R_A.pdb,3A7C_A.pdb,2.5998401641845703,4.34375
5A7Z_A.pdb,5A7Y_B.pdb,1.5613291263580322,2.953125
4GF1_A.pdb,4FXQ_B.pdb,1.467803716659546,2.265625
4UXJ_F.pdb,4UXJ_E.pdb,0.04344041645526886,1.09375
4UXJ_F.pdb,4UXH_A.pdb,0.2598706781864166,2.015625
5NZH_B.pdb,5NZG_A.pdb,2.2819790840148926,2.765625
2OEF_A.pdb,5NZM_A.pdb,0.6217005252838135,2.5625
4J18_A.pdb,5NZL_A.pdb,1.0243275165557861,2.28125
2OEF_A.pdb,4M28_A.pdb,0.5762873291969299,2.84375
5HWB_B.pdb,5HWC_A.pdb,0.5095322132110596,2.953125
5UQQ_D.pdb,5UQR_B.pdb,0.5780007839202881,1.75
5UQQ_D.pdb,5UQU_B.pdb,0.5807300209999084,1.8046875
5UQQ_D.pdb,5UQR_B.pdb,0.5780007839202881,1.75
3OC2_A.pdb,5DF8_A.pdb,1.4502142667770386,2.375
3OC2_A.pdb,5DF7_A.pdb,1.2089146375656128,2.359375
3OC2_A.pdb,5DF9_A.pdb,0.7550890445709229,2.421875
3HGW_A.pdb,3RET_B.pdb,0.36872491240501404,2.9375
1JGU_L.pdb,2R1W_A.pdb,4.240569114685059,2.546875
1JGU_L.pdb,2R1X_A.pdb,4.279653072357178,2.46875
4M7P_A.pdb,4M83_B.pdb,2.25347900390625,3.109375
4M7P_A.pdb,4M83_B.pdb,2.25347900390625,3.109375
2ZW4_D.pdb,2ZW5_A.pdb,2.413557767868042,2.65625
1Z5G_D.pdb,1Z5U_A.pdb,0.23619487881660461,1.6953125
3CSL_D.pdb,2CN4_B.pdb,0.571814239025116,3.203125
2BRW_A.pdb,1OJM_A.pdb,0.4488353133201599,1.7890625
2BRW_A.pdb,1OJP_A.pdb,0.4274701178073883,1.8125
2BRW_A.pdb,1OJO_A.pdb,0.4444495141506195,1.765625
2BRW_A.pdb,1F9G_A.pdb,0.4936516582965851,1.8828125
2YM9_D.pdb,3O01_B.pdb,9.784340858459473,4.78125
2YM9_D.pdb,3O02_B.pdb,9.785964965820312,4.78125
1B3Q_B.pdb,1I5D_A.pdb,0.8463311791419983,3.828125
1B3Q_A.pdb,4XIV_A.pdb,1.9899640083312988,3.4375
1B3Q_A.pdb,4XIV_B.pdb,1.4888666868209839,3.6875
4QWV_A.pdb,6C40_B.pdb,0.9802483916282654,3.8125
1W59_B.pdb,1FSZ_A.pdb,0.6474117636680603,2.484375
1W59_B.pdb,1W58_1.pdb,0.6564579606056213,2.40625
1W59_B.pdb,1W5E_E.pdb,0.4720791280269623,2.546875
2C4E_A.pdb,2C49_A.pdb,0.5302647948265076,2.21875
2C4E_A.pdb,2C49_A.pdb,0.5302647948265076,2.21875
1OGH_B.pdb,2HXD_A.pdb,0.45134106278419495,2.40625
4DK2_A.pdb,4DKB_A.pdb,3.3682873249053955,3.453125
4DK2_A.pdb,4DL8_A.pdb,3.360837459564209,3.5
2B0J_A.pdb,3F46_A.pdb,3.98239803314209,1.921875
2B0J_A.pdb,3DAF_A.pdb,3.8391895294189453,1.921875
2B0J_A.pdb,3H65_A.pdb,3.757908344268799,1.953125
2B0J_A.pdb,3F46_A.pdb,3.98239803314209,1.921875
4N08_A.pdb,3OTX_B.pdb,0.5557104349136353,2.125
4N08_A.pdb,4N09_A.pdb,0.5591335296630859,2.171875
4N08_A.pdb,4N09_A.pdb,0.5591335296630859,2.171875
2C1P_A.pdb,1YEJ_L.pdb,4.175883769989014,2.1875
2C1P_A.pdb,1YEI_L.pdb,4.215326309204102,2.1875
2C1P_A.pdb,1ND0_E.pdb,5.230330467224121,2.421875
2RFJ_A.pdb,4KCX_A.pdb,0.47155648469924927,3.515625
2RFJ_B.pdb,5VBR_B.pdb,0.4800340533256531,3.25
2RFJ_A.pdb,4FLP_B.pdb,0.44704946875572205,3.25
2RFJ_B.pdb,5VBQ_A.pdb,0.4607345461845398,3.21875
2WGB_A.pdb,2V57_C.pdb,3.242398500442505,3.46875
4UZE_A.pdb,5A8A_B.pdb,0.8994264006614685,3.46875
4UZE_A.pdb,5A8A_B.pdb,0.8994264006614685,3.46875
5ICG_A.pdb,5ICF_A.pdb,2.5387330055236816,3.03125
5ICG_A.pdb,5ICC_A.pdb,2.5102896690368652,2.96875
5ICG_A.pdb,5ICE_A.pdb,2.519029140472412,3.015625
4KL0_A.pdb,4P5F_B.pdb,0.3822822570800781,2.296875
3APZ_A.pdb,3AQ0_G.pdb,0.474515438079834,3.0
3AQ0_F.pdb,3AQ0_H.pdb,0.7768619656562805,3.4375
2Z1F_A.pdb,3WJR_A.pdb,0.5269330143928528,2.296875
2Z1F_A.pdb,3WJP_A.pdb,0.5618832111358643,2.390625
2Z1F_A.pdb,3WJQ_A.pdb,0.5499153137207031,2.390625
3B1Z_A.pdb,3B1X_A.pdb,0.9895215630531311,2.875
3B1Z_A.pdb,3B1V_A.pdb,1.1047102212905884,2.859375
3B1Z_A.pdb,3LX5_A.pdb,1.2742458581924438,2.984375
3B1Z_A.pdb,3SS8_A.pdb,0.9998689293861389,2.828125
4F21_A.pdb,4F21_E.pdb,0.5379298329353333,2.953125
3GTE_C.pdb,3GOB_A.pdb,0.27708742022514343,2.1875
3GTE_C.pdb,3GTS_B.pdb,0.4372544288635254,2.109375
1UC8_B.pdb,3VPD_A.pdb,0.484090119600296,2.265625
1UC8_B.pdb,3VPD_A.pdb,0.484090119600296,2.265625
1ELO_A.pdb,1DAR_A.pdb,0.6398174166679382,3.015625
5X7J_A.pdb,5X8C_A.pdb,0.4269939064979553,2.234375
5X7J_A.pdb,5X8B_A.pdb,0.45284345746040344,2.25
5X7J_A.pdb,5X86_A.pdb,0.403106689453125,2.21875
2YZG_A.pdb,2ZDG_C.pdb,0.8037832975387573,2.484375
2YZG_A.pdb,2ZDQ_A.pdb,0.9698479175567627,2.515625
2YZG_A.pdb,2ZDH_A.pdb,0.626141369342804,2.328125
1IDM_A.pdb,4F7I_A.pdb,2.8812646865844727,2.203125
1IDM_A.pdb,4F7I_A.pdb,2.8812646865844727,2.203125
1IDM_A.pdb,4F7I_A.pdb,2.8812646865844727,2.203125
2DWQ_A.pdb,2DBY_A.pdb,0.7695233225822449,3.078125
4A73_A.pdb,2XXJ_B.pdb,1.2007218599319458,2.640625
4A73_A.pdb,2XXJ_B.pdb,1.2007218599319458,2.640625
2Z07_B.pdb,4WVC_B.pdb,0.3955123722553253,2.296875
1V6Z_B.pdb,2CX8_A.pdb,1.8032041788101196,2.234375
1V6Z_B.pdb,2Z0Y_A.pdb,1.8424831628799438,2.609375
1ULT_B.pdb,1V26_B.pdb,0.33660855889320374,2.1875
1ULT_B.pdb,1V25_B.pdb,0.32624903321266174,2.15625
1ULT_B.pdb,1V26_B.pdb,0.33660855889320374,2.1875
3AEY_A.pdb,3AEX_A.pdb,0.4258822202682495,2.484375
3W90_A.pdb,3AKC_A.pdb,3.6688408851623535,3.0
3W90_A.pdb,3AKE_A.pdb,3.8325412273406982,3.078125
3W90_A.pdb,3AKC_A.pdb,3.6688408851623535,3.0
4ODK_A.pdb,4ODO_B.pdb,0.8826873898506165,1.953125
4ODK_A.pdb,4ODO_B.pdb,0.8826873898506165,1.953125
3ANP_B.pdb,3ANG_A.pdb,0.708451509475708,2.375
4EIA_A.pdb,4EHU_B.pdb,5.208460330963135,2.84375
4EIA_A.pdb,4EHT_B.pdb,5.205515384674072,2.921875
4WP3_B.pdb,4WP8_A.pdb,0.4591531455516815,2.921875
4LD5_D.pdb,5FFZ_A.pdb,1.8149291276931763,3.703125
3JZ9_A.pdb,4MXP_A.pdb,0.7895841002464294,3.125
5YSK_C.pdb,6G0C_A.pdb,1.08002507686615,5.09375
4BR4_A.pdb,4BRK_B.pdb,1.4809978008270264,1.9765625
4G63_A.pdb,4OHF_A.pdb,0.6183549761772156,2.3125
2VBS_A.pdb,2VBU_A.pdb,1.01071035861969,2.921875
2J9D_C.pdb,2J9D_E.pdb,0.2766408324241638,1.9453125
2J9D_F.pdb,2J9E_C.pdb,0.2991342544555664,2.484375
3JUA_G.pdb,5XJD_B.pdb,0.6804173588752747,3.359375
3JUA_G.pdb,5GN0_B.pdb,0.5557429790496826,3.25
3FUB_C.pdb,2V5E_A.pdb,0.4555297791957855,2.609375
2V3T_A.pdb,2V3U_A.pdb,2.858903408050537,3.328125
2GJZ_A.pdb,1T66_L.pdb,3.5535621643066406,2.4375
3GG4_A.pdb,3GG4_B.pdb,2.213071346282959,1.8828125
4HOO_B.pdb,4D6S_A.pdb,0.520353376865387,2.53125
4HOO_B.pdb,5FP9_A.pdb,0.5185944437980652,2.5625
4HOO_B.pdb,5F5A_A.pdb,0.5135517120361328,2.546875
4HOO_B.pdb,5F5C_A.pdb,0.4727422893047333,2.546875
4HOO_B.pdb,5FP8_A.pdb,0.5020105242729187,2.578125
5ZQ2_A.pdb,5ZQ7_C.pdb,2.340142011642456,2.5
5ZQ2_A.pdb,5ZQ7_C.pdb,2.340142011642456,2.5
6FKY_A.pdb,6EO0_A.pdb,1.0522434711456299,2.796875
6FKY_A.pdb,6ENX_A.pdb,0.9963716864585876,3.046875
5YP1_D.pdb,5YP2_B.pdb,1.1724779605865479,2.40625
3GXW_D.pdb,3GXW_C.pdb,0.27517879009246826,2.546875
3IJP_B.pdb,3IJP_A.pdb,2.566732168197632,1.75
5CM5_A.pdb,5CGE_B.pdb,0.18455469608306885,1.6640625
4ZKF_A.pdb,4Z2B_A.pdb,0.4431931674480438,1.5859375
4HPY_H.pdb,3QCU_I.pdb,4.262728691101074,2.828125
4HPY_H.pdb,3QCV_I.pdb,4.288083076477051,2.953125
4C06_A.pdb,4C03_B.pdb,0.44350603222846985,1.78125
2IPT_H.pdb,2R2H_B.pdb,5.94478702545166,3.34375
3DRQ_B.pdb,1UM5_H.pdb,5.89000940322876,3.125
3DRQ_B.pdb,1UM4_H.pdb,5.934174537658691,3.171875
2VBF_A.pdb,2VBG_B.pdb,0.1649153083562851,1.125
2ZGT_A.pdb,1WW5_C.pdb,0.4528046250343323,2.84375
2ZGT_A.pdb,1WW4_B.pdb,0.397738516330719,2.90625
2ZGT_B.pdb,3WG4_B.pdb,0.3858751058578491,2.640625
2ZGT_A.pdb,3WG1_B.pdb,0.43322834372520447,2.9375
4MFJ_A.pdb,4Q36_A.pdb,0.6824303865432739,2.53125
4MFJ_A.pdb,4MFQ_A.pdb,0.7454871535301208,2.546875
4MFJ_A.pdb,4Q36_A.pdb,0.6824303865432739,2.53125
4MFJ_A.pdb,4MFK_A.pdb,0.7114816904067993,2.578125
4MFJ_A.pdb,4Q38_A.pdb,0.6683507561683655,2.578125
5ES5_A.pdb,5ES8_A.pdb,0.7927348017692566,2.390625
3VQA_A.pdb,3AO1_B.pdb,0.4382891356945038,2.625
3VQA_A.pdb,3AO3_A.pdb,0.39357343316078186,2.4375
3VQA_A.pdb,3VQ8_A.pdb,0.36800938844680786,2.484375
3VQA_A.pdb,3AO5_A.pdb,0.3939209282398224,2.515625
3VQA_A.pdb,3AO4_A.pdb,0.35154372453689575,2.515625
2JLE_B.pdb,2JLE_A.pdb,9.67550277709961,4.1875
4KBG_B.pdb,4KBF_A.pdb,4.9436492919921875,2.46875
2Y0F_B.pdb,4G9P_A.pdb,4.445457458496094,3.0
1X0L_A.pdb,4YB4_C.pdb,1.889014720916748,2.234375
1X0L_A.pdb,4YB4_C.pdb,1.889014720916748,2.234375
3D8R_A.pdb,3D8N_A.pdb,8.122624397277832,2.234375
3DUL_B.pdb,3DUW_B.pdb,0.9146571755409241,3.390625
3TJR_B.pdb,3TJR_A.pdb,0.2858666777610779,2.390625
4EI8_A.pdb,4EI7_B.pdb,0.6515548229217529,2.984375
4XWU_A.pdb,4Z87_C.pdb,0.3087354898452759,2.125
4XWU_A.pdb,5MCP_F.pdb,0.3550153076648712,2.640625
4Y1C_A.pdb,1HYZ_A.pdb,0.44545483589172363,3.25
4Y1C_A.pdb,3LPU_A.pdb,0.3878251016139984,3.171875
4Y1C_A.pdb,3LPU_A.pdb,0.3878251016139984,3.171875
4Y1C_A.pdb,3LPT_A.pdb,0.39003264904022217,3.078125
1R8J_A.pdb,5C5E_A.pdb,0.7776820063591003,2.9375
3HTH_C.pdb,3HTJ_A.pdb,1.9366610050201416,3.734375
3HTH_C.pdb,3HTI_A.pdb,2.82149076461792,3.71875
1NLZ_F.pdb,1NLY_A.pdb,2.930493116378784,2.390625
1NLZ_F.pdb,1G6O_B.pdb,2.9044785499572754,2.140625
5UTX_A.pdb,5USX_A.pdb,8.021124839782715,2.390625
5UTX_A.pdb,5USX_A.pdb,8.021124839782715,2.390625
1V6Y_A.pdb,1V6U_A.pdb,0.37617966532707214,2.46875
1V6Y_A.pdb,1V6X_A.pdb,0.3270922303199768,2.421875
1V6Y_A.pdb,1V6U_A.pdb,0.37617966532707214,2.46875
1V6Y_A.pdb,2D20_A.pdb,0.3655874729156494,2.4375
2HM7_A.pdb,1QZ3_A.pdb,0.32357242703437805,2.140625
2GVX_A.pdb,4O5T_B.pdb,0.3658736050128937,1.953125
2Y84_G.pdb,2Y7P_A.pdb,2.170569658279419,2.453125
3TLX_C.pdb,3TLX_D.pdb,0.6333187222480774,3.59375
3TX0_A.pdb,3UN3_C.pdb,0.3725161552429199,1.828125
5YCX_A.pdb,5YCS_C.pdb,0.44155585765838623,2.609375
5YCX_A.pdb,3OJF_D.pdb,0.5188528895378113,2.796875
5YCX_A.pdb,5YCR_D.pdb,0.47459280490875244,2.5
5YCX_A.pdb,3OJF_D.pdb,0.5188528895378113,2.796875
2AHZ_A.pdb,4RO2_C.pdb,0.7155095934867859,3.5625
2AHZ_A.pdb,4PDL_B.pdb,1.0642856359481812,3.9375
5V0S_B.pdb,5USC_B.pdb,0.4135529696941376,4.625
2PZB_D.pdb,2PZ8_B.pdb,0.514849066734314,2.90625
2PZB_D.pdb,2PZA_A.pdb,0.49030202627182007,3.078125
4LD4_A.pdb,4HRQ_B.pdb,0.3361329436302185,2.4375
4V0T_A.pdb,4V08_B.pdb,0.5695770978927612,2.890625
4O7U_A.pdb,3UWL_B.pdb,0.6892770528793335,2.546875
4O7U_A.pdb,5J7W_D.pdb,0.7049703001976013,2.59375
4O7U_A.pdb,4O7U_D.pdb,0.7062901854515076,2.5625
4O7U_A.pdb,4O7U_B.pdb,0.670445442199707,2.515625
2O6I_B.pdb,3IRH_B.pdb,0.7049872279167175,2.9375
2O6I_B.pdb,3IRH_B.pdb,0.7049872279167175,2.9375
3UR6_B.pdb,5E0J_A.pdb,0.4283501207828522,2.421875
2FYQ_A.pdb,5DGJ_A.pdb,0.279965877532959,2.09375
4IN1_A.pdb,5TG2_A.pdb,0.3898664116859436,2.40625
3ROI_B.pdb,3SLH_D.pdb,4.239899635314941,2.375
3ROI_B.pdb,4EGR_A.pdb,4.087792873382568,2.546875
3ROI_B.pdb,3SLH_D.pdb,4.239899635314941,2.375
1CKN_B.pdb,1CKM_A.pdb,0.5472699999809265,2.5625
2NXC_A.pdb,3CJT_M.pdb,0.5070570111274719,2.25
2NXC_A.pdb,3CJQ_A.pdb,0.5755125284194946,2.375
2NXC_A.pdb,2NXE_B.pdb,0.5549297332763672,2.0
2NXC_A.pdb,3CJR_A.pdb,0.9263345003128052,2.265625
4LOH_B.pdb,4F5Y_A.pdb,0.7375350594520569,3.4375
4F5W_A.pdb,4KSY_A.pdb,0.4758093059062958,3.1875
4F5W_A.pdb,4LOI_B.pdb,0.6329659223556519,3.296875
4F5W_A.pdb,4QXP_A.pdb,0.5823383927345276,3.375
4F5W_A.pdb,5BQX_A.pdb,0.49259892106056213,3.203125
5IZ5_B.pdb,5IXC_A.pdb,1.1415202617645264,2.59375
3LKI_A.pdb,3LKI_B.pdb,0.3905297815799713,2.40625
5KEV_B.pdb,5KEW_D.pdb,0.43064379692077637,2.546875
3C85_A.pdb,3C85_C.pdb,0.49178287386894226,2.921875
5IUU_A.pdb,5IUW_B.pdb,0.2873830497264862,1.734375
5IUU_A.pdb,5IUV_A.pdb,0.27488216757774353,1.6953125
3WGZ_A.pdb,3WGY_B.pdb,0.44025182723999023,2.765625
3WGO_B.pdb,3WGQ_A.pdb,0.3782690465450287,2.59375
3WGZ_A.pdb,3WGZ_B.pdb,0.41324323415756226,2.734375
4OAI_Z.pdb,4OAG_B.pdb,1.4281119108200073,2.875
3WX2_A.pdb,5YJ1_G.pdb,0.29179978370666504,2.171875
3WX1_A.pdb,4TZC_D.pdb,0.1804330050945282,2.609375
5US6_L.pdb,5TEN_G.pdb,3.1978890895843506,2.453125
5US6_L.pdb,5TEN_G.pdb,3.1978890895843506,2.453125
4HYE_A.pdb,4ZMS_A.pdb,8.949877738952637,2.875
3LBY_B.pdb,3LBY_A.pdb,0.29294365644454956,2.484375
3LBB_B.pdb,3LBE_D.pdb,0.49931320548057556,2.671875
3TB7_A.pdb,3TBE_B.pdb,0.9451155066490173,3.296875
3KEQ_B.pdb,3KEO_B.pdb,1.858684778213501,3.125
4YJK_E.pdb,4R2W_F.pdb,0.3381158411502838,1.6875
4YJK_E.pdb,4YJK_A.pdb,0.20312269032001495,1.4765625
3GZ5_B.pdb,3GZ8_D.pdb,0.6957486867904663,3.234375
2FHX_B.pdb,5NDB_A.pdb,0.3935098946094513,2.21875
1T5H_X.pdb,3CW9_B.pdb,0.4378955066204071,2.359375
1T5H_X.pdb,3CW9_B.pdb,0.4378955066204071,2.359375
3SK2_B.pdb,3SK2_A.pdb,0.41465792059898376,1.875
4TWA_B.pdb,4Q15_A.pdb,0.8411772847175598,2.9375
4TWA_B.pdb,4Q15_A.pdb,0.8411772847175598,2.9375
4TWA_A.pdb,4WI1_B.pdb,0.44298025965690613,2.421875
4TWA_A.pdb,5IFU_B.pdb,0.5400109887123108,2.640625
3K60_B.pdb,3K60_A.pdb,0.3915945887565613,2.671875
4ZEW_B.pdb,4ZEV_A.pdb,2.1549551486968994,2.265625
4ZEW_B.pdb,4ZEW_A.pdb,2.154331922531128,2.296875
4ZEW_B.pdb,4ZEX_A.pdb,2.157290458679199,2.21875
2F84_A.pdb,2Q8Z_A.pdb,0.34356358647346497,2.28125
2F84_A.pdb,3S9Y_A.pdb,0.33401593565940857,2.3125
2F84_A.pdb,2Q8Z_B.pdb,0.350707471370697,2.234375
2F84_A.pdb,3BAR_B.pdb,0.3989833891391754,2.34375
2F84_A.pdb,3MWA_A.pdb,0.3640452027320862,2.421875
3FNS_A.pdb,3FNU_C.pdb,0.47888097167015076,2.421875
5GO4_A.pdb,5GNR_A.pdb,1.7387261390686035,3.359375
5GO4_A.pdb,5GOF_A.pdb,1.6057676076889038,3.078125
5FYQ_B.pdb,4RMI_A.pdb,0.3803868591785431,2.90625
1J8F_A.pdb,4RMG_A.pdb,1.2440053224563599,2.828125
1J8F_A.pdb,5DY4_A.pdb,1.2748984098434448,2.84375
1J8F_A.pdb,5DY5_A.pdb,1.167622447013855,2.71875
1J8F_B.pdb,5MAR_A.pdb,2.944105625152588,2.96875
3HMH_A.pdb,5IGL_A.pdb,0.9817949533462524,3.5
3EW1_B.pdb,3EW2_C.pdb,0.29694864153862,2.3125
3D0R_B.pdb,3OTI_B.pdb,1.6460435390472412,2.640625
3D0R_B.pdb,3OTI_B.pdb,1.6460435390472412,2.640625
5HOQ_E.pdb,4GF5_G.pdb,0.28763172030448914,1.859375
2XKB_H.pdb,2XKB_G.pdb,0.055436573922634125,1.9765625
5VXS_C.pdb,5VXC_A.pdb,0.6880002617835999,2.609375
5VXS_C.pdb,5VXO_C.pdb,0.5624471306800842,2.578125
4WSI_A.pdb,4UU5_A.pdb,0.306254506111145,3.59375
5EFS_A.pdb,4GDY_B.pdb,0.38408148288726807,2.203125
4O68_A.pdb,5VDP_A.pdb,1.0606937408447266,2.90625
4O68_A.pdb,5VDT_A.pdb,1.0422717332839966,2.84375
4O68_A.pdb,5V8H_A.pdb,0.7005923390388489,2.84375
4O68_A.pdb,5VDU_A.pdb,0.7476741671562195,2.96875
4O68_A.pdb,5VDW_A.pdb,0.8871946334838867,3.015625
6C8A_B.pdb,5W2I_A.pdb,0.5068668127059937,2.9375
6C8A_B.pdb,5W2I_A.pdb,0.5068668127059937,2.9375
4PED_A.pdb,5I35_A.pdb,1.6795555353164673,3.046875
5IE4_C.pdb,5C8Z_B.pdb,0.6005004644393921,4.15625
5IE4_C.pdb,5C81_B.pdb,0.6046446561813354,4.0625
5IE4_C.pdb,3WZM_B.pdb,0.6052549481391907,4.125
5IE4_C.pdb,5IE5_B.pdb,0.5890077948570251,4.09375
5IE4_C.pdb,5IE7_A.pdb,0.6038251519203186,4.03125
5H2G_B.pdb,5M47_A.pdb,1.752068042755127,2.1875
3C48_A.pdb,3C4V_B.pdb,11.453618049621582,2.4375
3C48_A.pdb,3C4Q_A.pdb,11.58889102935791,2.46875
3HCJ_B.pdb,3HCI_A.pdb,0.7681801915168762,3.0625
3GKK_A.pdb,3GKN_B.pdb,0.5005990266799927,2.96875
4CS7_A.pdb,4CS9_B.pdb,8.890450477600098,2.625
6ARP_A.pdb,3CFK_O.pdb,1.1989825963974,2.296875
5D3W_A.pdb,5D3Y_A.pdb,0.321900337934494,2.28125
5G59_A.pdb,5G5M_A.pdb,0.28189945220947266,2.015625
1XEW_X.pdb,3KTA_C.pdb,0.5611423254013062,2.984375
1XEW_X.pdb,1XEX_A.pdb,0.776760995388031,3.0
4W8Y_B.pdb,4H4K_C.pdb,0.6477209329605103,3.25
5IY0_F.pdb,4R7Y_A.pdb,2.4494779109954834,6.125
1IQP_F.pdb,1IQP_A.pdb,2.7976067066192627,3.125
4X3K_B.pdb,4X3T_D.pdb,0.9741412997245789,4.0
4X3K_A.pdb,5EJW_A.pdb,0.6608187556266785,3.109375
3KAY_A.pdb,3JRQ_B.pdb,0.47885751724243164,2.984375
3KAY_A.pdb,3NEF_A.pdb,0.5628976821899414,2.953125
4WV9_B.pdb,4XHE_B.pdb,0.3188295066356659,1.8359375
2W8G_C.pdb,3SIO_H.pdb,0.35611510276794434,2.21875
2W8G_C.pdb,2YMD_D.pdb,0.41373705863952637,2.0625
2W8G_C.pdb,5OAJ_J.pdb,0.3212360739707947,1.6640625
1H3I_A.pdb,5YLT_A.pdb,0.27822721004486084,2.28125
1H3I_A.pdb,1O9S_A.pdb,0.3441580832004547,2.296875
1H3I_A.pdb,1N6C_A.pdb,0.4429122805595398,2.21875
1H3I_A.pdb,5YLT_A.pdb,0.27822721004486084,2.28125
1H3I_A.pdb,3OS5_A.pdb,0.27186593413352966,2.328125
3WBR_E.pdb,4ZES_B.pdb,0.5366161465644836,3.109375
5GGF_C.pdb,5GGI_B.pdb,0.9006186723709106,1.9765625
1U9T_A.pdb,4CDP_A.pdb,0.9210444092750549,2.65625
5NMP_J.pdb,5NMP_A.pdb,0.21777740120887756,1.4375
5UK6_A.pdb,1XIO_A.pdb,3.643639326095581,4.625
1TM2_A.pdb,1TJY_A.pdb,2.4757866859436035,2.078125
2QZA_A.pdb,2QYU_A.pdb,1.2878639698028564,3.3125
3PP8_A.pdb,3KBO_A.pdb,2.3863227367401123,2.484375
3PP8_A.pdb,3KBO_A.pdb,2.3863227367401123,2.484375
5VTY_D.pdb,4WE4_B.pdb,0.330047070980072,2.484375
1T66_H.pdb,1JGU_H.pdb,5.486132621765137,3.203125
1IAJ_A.pdb,1IA9_B.pdb,0.9570801854133606,2.9375
1IAJ_A.pdb,1IA9_B.pdb,0.9570801854133606,2.9375
1IAJ_A.pdb,1IAH_B.pdb,0.9193925261497498,2.90625
4N4F_A.pdb,5I8G_A.pdb,0.17265380918979645,1.703125
4N4F_A.pdb,5I8B_A.pdb,0.1826859712600708,1.8359375
4N4F_A.pdb,5I8B_A.pdb,0.1826859712600708,1.8359375
4N4F_A.pdb,6ALB_A.pdb,0.2218678891658783,2.109375
1GVL_A.pdb,3VFE_A.pdb,0.37728825211524963,2.90625
1GVL_A.pdb,4D8N_A.pdb,0.43897536396980286,3.046875
2WJV_B.pdb,2GJK_A.pdb,3.6012744903564453,2.953125
2GK7_A.pdb,2GK6_A.pdb,2.0030243396759033,3.09375
2REJ_A.pdb,2REG_A.pdb,2.1413683891296387,3.671875
2REJ_A.pdb,2RIN_B.pdb,2.122194528579712,3.84375
5KYE_B.pdb,5VSB_B.pdb,0.8290945887565613,2.6875
5KYE_B.pdb,5WHC_B.pdb,0.8901201486587524,2.59375
5KYE_B.pdb,6F5H_B.pdb,0.9416608810424805,2.78125
3A9U_A.pdb,3A9V_A.pdb,1.014477014541626,2.5625
3A9U_A.pdb,3NI2_A.pdb,0.9789237976074219,2.546875
1W4C_E.pdb,4BLT_C.pdb,0.27812859416007996,1.828125
1W4C_P.pdb,2VHT_B.pdb,0.2809373736381531,2.078125
1W4C_E.pdb,4BLR_A.pdb,0.1877230703830719,1.4453125
1W4C_E.pdb,4BLR_A.pdb,0.1877230703830719,1.4453125
2I55_A.pdb,2I55_C.pdb,1.978176474571228,2.515625
1ZHG_B.pdb,3AZ9_C.pdb,0.4349275231361389,3.078125
1ZHG_B.pdb,3AZA_C.pdb,0.4798530340194702,3.21875
2OKI_A.pdb,3AZB_P.pdb,0.4795023500919342,3.40625
4QDV_B.pdb,3BL9_A.pdb,7.910874843597412,2.390625
4QDV_B.pdb,3BL7_A.pdb,7.913886547088623,2.484375
4QDV_B.pdb,4QDV_A.pdb,7.93677282333374,1.78125
4QDE_A.pdb,4QDE_C.pdb,7.7621893882751465,1.7734375
4QDV_B.pdb,5OSY_A.pdb,8.082209587097168,2.59375
4IG9_E.pdb,4I5I_A.pdb,2.602997064590454,2.765625
4IG9_E.pdb,4ZZI_A.pdb,1.3088873624801636,2.6875
4IG9_E.pdb,4ZZJ_A.pdb,2.770097017288208,2.8125
4IG9_E.pdb,4KXQ_A.pdb,2.7830264568328857,2.578125
4IG9_E.pdb,4ZZJ_A.pdb,2.770097017288208,2.8125
2IDX_C.pdb,6D5K_B.pdb,0.4076240658760071,2.734375
2IDX_C.pdb,6D5X_B.pdb,0.42064934968948364,2.703125
2Q4V_B.pdb,2Q4V_A.pdb,1.9320577383041382,3.59375
5Q0K_A.pdb,5Q0J_C.pdb,1.4527162313461304,3.34375
5Q0K_A.pdb,5Z12_D.pdb,1.1457172632217407,3.453125
5Q0K_A.pdb,5WZX_B.pdb,1.5032776594161987,3.8125
5Q0K_A.pdb,5Q0L_C.pdb,1.3960981369018555,3.78125
5Q0K_A.pdb,5Q0N_A.pdb,1.3549880981445312,3.34375
2VL1_A.pdb,2V8V_D.pdb,1.6527926921844482,1.7890625
2VL1_A.pdb,1R43_A.pdb,2.824207067489624,2.34375
2VL1_A.pdb,1R43_A.pdb,2.824207067489624,2.34375
2V8V_A.pdb,2V8G_A.pdb,1.4837220907211304,1.828125
2E2N_A.pdb,2E2Q_A.pdb,3.0049688816070557,2.015625
3NAG_A.pdb,3MBI_D.pdb,0.4520057439804077,2.203125
3NAG_A.pdb,3MBI_D.pdb,0.4520057439804077,2.203125
2IYE_C.pdb,2YJ5_A.pdb,2.120063543319702,3.109375
2IYE_C.pdb,2YJ4_A.pdb,1.8428581953048706,3.234375
2IYE_A.pdb,2YJ4_B.pdb,2.068298816680908,3.265625
5LLQ_A.pdb,6GA0_A.pdb,0.4945639669895172,2.625
5DSZ_A.pdb,4RCY_A.pdb,1.33322274684906,2.46875
5DSZ_B.pdb,2AHO_A.pdb,1.272826910018921,3.015625
5DSZ_A.pdb,4M4S_A.pdb,1.3480631113052368,2.78125
5DSZ_A.pdb,4RJL_A.pdb,1.3034589290618896,2.46875
5DSZ_A.pdb,4RJL_A.pdb,1.3034589290618896,2.46875
3KXK_A.pdb,2QTH_A.pdb,0.6679341197013855,2.71875
3CO2_B.pdb,3CL1_B.pdb,4.354994297027588,3.6875
3CO2_B.pdb,3CLP_C.pdb,4.584829807281494,3.78125
3CO2_B.pdb,4MUV_A.pdb,3.696645736694336,3.921875
1R8Q_F.pdb,4JXH_A.pdb,1.7370450496673584,2.640625
3GS2_C.pdb,3IXS_C.pdb,0.420745849609375,3.59375
1SO8_A.pdb,2O23_B.pdb,0.4256916046142578,3.296875
1SO8_A.pdb,1U7T_A.pdb,0.4126534163951874,3.328125
1XO5_A.pdb,1Y1A_B.pdb,15.120224952697754,4.28125
3I5K_B.pdb,4OBC_A.pdb,1.6228190660476685,2.15625
5UN2_A.pdb,5UZ8_A.pdb,1.8355636596679688,4.875
2Q2V_A.pdb,2Q2Q_D.pdb,0.2754703462123871,2.03125
2Y2Z_A.pdb,2Y30_A.pdb,1.1584285497665405,3.09375
4YGA_A.pdb,4M84_A.pdb,6.866491794586182,3.65625
4YGA_A.pdb,4IHP_A.pdb,7.011178970336914,3.640625
4YGA_A.pdb,4IFG_A.pdb,6.3697991371154785,3.609375
4YGA_A.pdb,5T6K_A.pdb,1.3133070468902588,3.609375
4YGA_A.pdb,5T6A_A.pdb,1.7098379135131836,3.609375
5ICS_F.pdb,5L7W_A.pdb,0.3599787652492523,1.9609375
5ICS_F.pdb,5JSF_A.pdb,0.3915921449661255,2.0625
3W8H_A.pdb,3AJM_A.pdb,2.694321393966675,3.515625
4NJX_C.pdb,4INI_B.pdb,0.21717189252376556,2.0625
4NJX_C.pdb,4INI_A.pdb,0.19804340600967407,1.7421875
4F95_A.pdb,2J4E_F.pdb,1.1397680044174194,2.953125
4F95_A.pdb,2J4E_D.pdb,1.1838935613632202,3.0
1UFQ_D.pdb,1UEI_B.pdb,1.1738815307617188,3.0
1UFQ_D.pdb,1UDW_B.pdb,1.1638394594192505,2.984375
1UFQ_B.pdb,1UEJ_A.pdb,1.0274794101715088,2.734375
5WFX_B.pdb,5F74_A.pdb,1.215814232826233,2.5625
4FJO_C.pdb,6EKJ_A.pdb,0.6474509835243225,3.140625
1F11_B.pdb,4NJ9_H.pdb,1.4228566884994507,2.4375
2BYV_E.pdb,4MGK_E.pdb,1.262200117111206,2.96875
2BYV_E.pdb,4MGY_E.pdb,1.218277096748352,2.90625
5Z49_B.pdb,5Z49_A.pdb,1.7213751077651978,2.75
3QT5_B.pdb,4DPT_B.pdb,0.30627426505088806,1.7578125
3QT5_B.pdb,4DU7_A.pdb,0.3173413872718811,1.7890625
3QT5_B.pdb,3QT8_A.pdb,0.3175438642501831,1.6796875
1ZWJ_B.pdb,2H39_B.pdb,0.32947173714637756,1.9921875
4Q9E_B.pdb,3UIL_D.pdb,0.3869873881340027,2.34375
4Q9E_B.pdb,3UMQ_A.pdb,0.34648409485816956,2.296875
2R90_D.pdb,4OPP_B.pdb,0.41489771008491516,2.3125
4Q9E_B.pdb,5E0B_C.pdb,0.41514110565185547,2.390625
2R90_D.pdb,3QV4_B.pdb,0.4702426791191101,2.578125
5B0U_A.pdb,5IBO_A.pdb,1.1783400774002075,2.828125
3N9M_A.pdb,3N9P_A.pdb,0.6567068099975586,2.609375
2A52_C.pdb,1XMZ_B.pdb,0.29728978872299194,2.109375
5W21_B.pdb,2P39_A.pdb,0.6104626655578613,3.28125
5L95_B.pdb,3H8V_A.pdb,0.4191898703575134,2.484375
5L95_B.pdb,3GUC_A.pdb,0.4192613363265991,2.4375
3H8V_B.pdb,5L95_A.pdb,0.5195606350898743,2.609375
3JZA_A.pdb,3NKV_A.pdb,1.9405105113983154,4.21875
3JZA_A.pdb,4I1O_C.pdb,1.9046283960342407,4.34375
3JZA_A.pdb,3NKV_A.pdb,1.9405105113983154,4.21875
4L2F_B.pdb,5AEH_A.pdb,0.4628511965274811,2.34375
5BYE_B.pdb,5C41_C.pdb,0.4076211452484131,2.046875
4PWN_A.pdb,5TF9_A.pdb,1.1742035150527954,3.109375
4PWN_A.pdb,5WDY_B.pdb,1.206423044204712,3.40625
4PWN_A.pdb,5WE8_A.pdb,1.1365867853164673,3.078125
4PWN_A.pdb,5WDY_B.pdb,1.206423044204712,3.40625
5ICV_B.pdb,5HGZ_A.pdb,0.31233277916908264,2.34375
5ICV_B.pdb,5ICW_B.pdb,0.5413539409637451,2.9375
4IYS_A.pdb,4IY0_A.pdb,1.8469862937927246,3.0625
4DX1_B.pdb,4DX2_A.pdb,0.5509979724884033,2.90625
2EXX_B.pdb,2WM3_A.pdb,1.0947561264038086,3.328125
2EXX_B.pdb,2WMD_A.pdb,1.13530433177948,3.375
2ZK7_B.pdb,2DTE_B.pdb,0.6669739484786987,2.890625
3FIX_D.pdb,3K9U_A.pdb,1.3901840448379517,3.5
3FIX_D.pdb,3NE7_A.pdb,0.9277941584587097,3.0625
3INZ_A.pdb,4J6X_F.pdb,0.28177517652511597,2.5625
4RNF_A.pdb,4RNH_A.pdb,2.88997483253479,2.96875
5WQP_B.pdb,5WQP_A.pdb,0.34177467226982117,2.046875
5WQP_B.pdb,5WQP_A.pdb,0.34177467226982117,2.046875
5AA1_A.pdb,4P0G_A.pdb,7.945827960968018,2.859375
5AA1_A.pdb,4P0G_A.pdb,7.945827960968018,2.859375
2IJZ_J.pdb,4NJQ_A.pdb,0.8294448852539062,4.96875
5G5U_A.pdb,5G3R_A.pdb,0.45038041472435,2.625
4B7C_K.pdb,4B7X_I.pdb,0.4127238690853119,2.375
6ET3_C.pdb,5DWZ_H.pdb,0.3705492615699768,2.171875
2A5L_B.pdb,1ZWL_A.pdb,0.3134498596191406,2.84375
3WWZ_A.pdb,5Z20_F.pdb,1.5204930305480957,1.9375
3WWZ_A.pdb,5Z20_F.pdb,1.5204930305480957,1.9375
4MTT_B.pdb,4MTQ_B.pdb,0.415881484746933,2.453125
3TTK_A.pdb,3TTM_B.pdb,4.641427040100098,2.578125
4ZSB_A.pdb,4ZSK_A.pdb,0.5942232012748718,2.28125
4ZSB_A.pdb,4ZSK_B.pdb,0.6698993444442749,2.59375
4ZSB_A.pdb,4ZSI_B.pdb,0.6147868633270264,2.609375
4ZSB_A.pdb,4ZSI_A.pdb,0.7596507668495178,2.375
3KBK_A.pdb,4LZ0_A.pdb,0.7290830612182617,2.703125
4P6D_B.pdb,4P8E_A.pdb,0.48809191584587097,2.34375
4P6D_B.pdb,4P6P_A.pdb,0.5012967586517334,2.421875
4YGO_F.pdb,4R87_L.pdb,0.7981111407279968,3.171875
4YGO_F.pdb,4R57_H.pdb,0.7530868649482727,2.875
4U9Q_A.pdb,4U9O_A.pdb,0.2722397446632385,1.6796875
4GF8_A.pdb,1ZU0_A.pdb,6.735599994659424,1.859375
1Y3Q_A.pdb,3A09_A.pdb,4.8392791748046875,1.90625
1Y3Q_A.pdb,3VLW_B.pdb,4.854084491729736,2.03125
1Y3Q_A.pdb,3A09_A.pdb,4.8392791748046875,1.90625
1Y3Q_A.pdb,3A09_A.pdb,4.8392791748046875,1.90625
4E1Y_B.pdb,4F10_A.pdb,0.25006964802742004,1.4453125
4E1Y_B.pdb,4F10_A.pdb,0.25006964802742004,1.4453125
1RO7_D.pdb,2X61_A.pdb,0.3316846191883087,2.078125
1RO7_D.pdb,2X61_A.pdb,0.3316846191883087,2.078125
4L68_B.pdb,4L68_A.pdb,0.2909244894981384,2.5
3KAJ_B.pdb,3KAL_B.pdb,0.3829921782016754,2.390625
1SMO_A.pdb,1Q8M_A.pdb,0.9673631191253662,3.265625
5X9B_A.pdb,4NXX_A.pdb,0.9054975509643555,3.40625
5X9B_A.pdb,4NXW_A.pdb,0.9578769207000732,3.4375
2C30_A.pdb,4KS8_A.pdb,0.8719614148139954,2.390625
5YTK_E.pdb,5Y4H_A.pdb,1.5371631383895874,2.34375
4V1C_A.pdb,4JT9_A.pdb,2.1192374229431152,2.65625
4V1C_A.pdb,4JT8_A.pdb,1.9015467166900635,2.65625
4V1C_A.pdb,4JSR_A.pdb,1.8825310468673706,2.65625
3GLS_C.pdb,4BVH_B.pdb,1.5616333484649658,2.65625
2O8Y_A.pdb,4U97_B.pdb,0.6105490326881409,3.03125
4I9W_A.pdb,4WFF_B.pdb,0.9884607195854187,2.421875
5UD8_A.pdb,6B8O_D.pdb,0.6537933945655823,2.953125
4NDN_F.pdb,2YDX_E.pdb,0.4358099400997162,2.78125
4NDN_F.pdb,2YDX_A.pdb,0.44968435168266296,2.890625
5O45_A.pdb,5NIX_D.pdb,0.42254748940467834,2.8125
5O45_A.pdb,5N2D_B.pdb,0.4438639283180237,2.609375
5O45_A.pdb,5N2F_B.pdb,0.5721284747123718,2.75
5O45_A.pdb,5J8O_A.pdb,0.537828266620636,2.75
5O45_A.pdb,5J89_C.pdb,0.41745051741600037,2.875
1E5L_A.pdb,1E5Q_B.pdb,1.3972597122192383,2.1875
1E5L_A.pdb,1E5Q_B.pdb,1.3972597122192383,2.1875
1TQD_A.pdb,4LV5_B.pdb,1.7026159763336182,2.921875
4M66_A.pdb,4M69_A.pdb,0.6887784600257874,2.75
2GG4_A.pdb,2PQD_A.pdb,3.8971714973449707,2.421875
2GG4_A.pdb,2GGA_A.pdb,3.849484443664551,2.40625
2GG4_A.pdb,2PQC_A.pdb,3.8620553016662598,2.359375
2GG4_A.pdb,2GGA_A.pdb,3.849484443664551,2.40625
4LJ4_A.pdb,4FCW_F.pdb,0.7424148321151733,3.125
4LJ4_A.pdb,4LJ7_A.pdb,1.6905525922775269,2.9375
2ZJ6_A.pdb,3A70_C.pdb,0.342578649520874,2.171875
2ZJ6_A.pdb,3A70_C.pdb,0.342578649520874,2.171875
4AMG_A.pdb,4AMB_B.pdb,0.38933444023132324,2.46875
2YF9_A.pdb,5HYL_B.pdb,0.4255664646625519,2.78125
2YF9_A.pdb,5HZZ_C.pdb,0.5331037044525146,2.75
4Q48_B.pdb,4Q47_A.pdb,5.3703789710998535,3.140625
1RF5_A.pdb,1RF4_A.pdb,3.5372958183288574,2.265625
1RF5_A.pdb,1RF6_A.pdb,3.576955795288086,2.34375
1RF5_A.pdb,1RF6_A.pdb,3.576955795288086,2.34375
6DTT_A.pdb,2FNC_A.pdb,5.375761032104492,2.34375
1E5X_A.pdb,2C2G_A.pdb,0.3955269753932953,2.875
3NAQ_A.pdb,3N7U_F.pdb,2.5928618907928467,2.1875
3OAC_A.pdb,3KRP_D.pdb,0.43599754571914673,2.6875
3KLX_B.pdb,3OJI_B.pdb,0.6616530418395996,3.046875
4ZB3_A.pdb,4ZBP_C.pdb,7.690260410308838,2.84375
3CZ2_A.pdb,3BFH_A.pdb,0.7717391848564148,3.15625
3CZ2_A.pdb,3BFB_A.pdb,0.830756664276123,3.265625
3CZ2_A.pdb,3FE8_A.pdb,0.8752089738845825,3.15625
3CZ2_A.pdb,3D74_A.pdb,0.8434701561927795,3.453125
6GL3_B.pdb,4D0L_E.pdb,1.3979181051254272,3.203125
5C46_E.pdb,6GL3_A.pdb,1.0707075595855713,2.96875
3KYD_B.pdb,1Y8R_B.pdb,2.3696112632751465,3.109375
3UO8_B.pdb,4I1R_A.pdb,1.4220222234725952,2.984375
3P1J_B.pdb,2XTM_B.pdb,0.7927232384681702,2.96875
5TKM_A.pdb,5CQH_A.pdb,0.6911383867263794,4.3125
5GVS_C.pdb,5GVR_A.pdb,0.6684125661849976,3.234375
5CWZ_A.pdb,5AX9_C.pdb,0.4268602430820465,2.53125
5CWZ_B.pdb,2X7F_B.pdb,0.743912398815155,2.71875
2OT3_B.pdb,1YZU_B.pdb,0.8951113820075989,3.390625
2OT3_B.pdb,1Z0I_A.pdb,0.8236227631568909,3.328125
2YHV_A.pdb,5IUH_A.pdb,0.5254846811294556,2.203125
2YJS_A.pdb,5IUG_A.pdb,0.4804508686065674,2.296875
4KM8_A.pdb,4KMD_A.pdb,4.40579891204834,2.15625
5IN8_D.pdb,3BNX_A.pdb,1.9012640714645386,2.90625
5IN8_D.pdb,3BNY_B.pdb,1.7821465730667114,2.75
5IN8_D.pdb,3CKE_B.pdb,1.880052089691162,2.84375
2E4O_B.pdb,4KVD_B.pdb,1.8245518207550049,2.515625
2E4O_B.pdb,4KVI_B.pdb,1.8367114067077637,2.53125
1YR6_A.pdb,1YRB_A.pdb,0.6152250170707703,2.921875
3FRO_C.pdb,3FRO_B.pdb,2.240286350250244,1.953125
4BY5_D.pdb,6EPA_A.pdb,0.5520946979522705,2.890625
4BY5_D.pdb,5FYX_A.pdb,0.4527553617954254,2.734375
4BY5_D.pdb,5AAN_A.pdb,0.5621631145477295,2.84375
4BY5_D.pdb,5G08_A.pdb,0.7664345502853394,2.734375
2CZ3_B.pdb,2CZ2_A.pdb,0.35846656560897827,2.21875
3A1W_A.pdb,3A1U_B.pdb,0.7260473966598511,3.453125
2YZ2_B.pdb,4ZIR_A.pdb,2.0702884197235107,3.203125
4Q7K_A.pdb,4Q4A_A.pdb,1.1448620557785034,3.4375
1VR6_D.pdb,1RZM_A.pdb,0.4610811769962311,2.421875
1VR6_D.pdb,1RZM_A.pdb,0.4610811769962311,2.421875
2QPO_A.pdb,2ORW_B.pdb,0.27948102355003357,2.203125
2QPO_A.pdb,2QQ0_B.pdb,0.302662193775177,2.1875
2QPO_A.pdb,2QQ0_A.pdb,0.28069591522216797,2.15625
2QPO_A.pdb,2QQE_A.pdb,0.2846992611885071,2.1875
2QPO_A.pdb,2QQ0_B.pdb,0.302662193775177,2.1875
4GTL_A.pdb,1O27_B.pdb,0.4190688729286194,2.265625
4GTL_A.pdb,1O27_B.pdb,0.4190688729286194,2.265625
3H38_A.pdb,3H39_A.pdb,0.6409651637077332,2.96875
3H38_A.pdb,3H3A_B.pdb,0.8048282265663147,3.03125
2FN9_A.pdb,2FN8_A.pdb,3.2041618824005127,2.015625
4J9J_A.pdb,2A0N_A.pdb,0.7734327912330627,3.65625
2W6R_A.pdb,4EWN_D.pdb,1.1683628559112549,3.59375
2GHB_C.pdb,2GHA_A.pdb,5.297458171844482,2.515625
2GHB_C.pdb,6DTU_A.pdb,5.423521518707275,2.546875
3BQ6_A.pdb,1XDJ_A.pdb,0.4598892629146576,2.375
3A0Y_B.pdb,3A0T_A.pdb,0.2604551613330841,2.015625
3THN_A.pdb,4O4K_B.pdb,0.8133348226547241,2.875
3THN_A.pdb,4O5G_B.pdb,0.8285237550735474,2.78125
3THN_A.pdb,4O24_B.pdb,0.8419461250305176,2.875
3THN_A.pdb,6ASC_B.pdb,0.8518179059028625,2.8125
3IUJ_A.pdb,3IUR_A.pdb,2.2238705158233643,1.6796875
3IUJ_A.pdb,3MUO_A.pdb,3.585577964782715,2.140625
3IUJ_A.pdb,3IUQ_A.pdb,3.489750862121582,1.921875
5C28_B.pdb,4HEU_A.pdb,0.531511664390564,2.765625
5C28_B.pdb,4HF4_A.pdb,0.5329297780990601,2.703125
5C28_B.pdb,4FCD_A.pdb,0.4780312776565552,2.359375
5C28_B.pdb,4DDL_A.pdb,0.5411169528961182,2.71875
5C28_B.pdb,3UUO_A.pdb,0.5676150321960449,2.546875
2IG7_A.pdb,3LQ3_A.pdb,0.840155839920044,2.96875
2IG7_A.pdb,3FEG_A.pdb,0.8533510565757751,2.953125
2IG7_A.pdb,3LQ3_A.pdb,0.840155839920044,2.96875
1NKO_A.pdb,2HRL_A.pdb,0.30474844574928284,2.625
1NKO_A.pdb,2HRL_A.pdb,0.30474844574928284,2.625
3RPP_B.pdb,3RPN_F.pdb,0.2965811491012573,2.109375
3RPP_B.pdb,1YZX_A.pdb,0.3788120150566101,2.265625
2QCJ_B.pdb,2QCT_A.pdb,0.5729950070381165,3.46875
2QCJ_B.pdb,4J51_B.pdb,0.5651928186416626,3.546875
2F24_A.pdb,2F0Z_A.pdb,0.5800001621246338,2.390625
2F24_A.pdb,2F12_A.pdb,0.45105522871017456,2.1875
2F24_A.pdb,2F25_A.pdb,0.6789774298667908,2.359375
4Q7H_D.pdb,4TO3_A.pdb,0.6501502990722656,2.578125
4Q7H_D.pdb,4TO4_B.pdb,0.6225023865699768,2.5
4Q7H_D.pdb,4QG2_A.pdb,0.7465196251869202,2.796875
4Q7H_D.pdb,6DW5_C.pdb,0.6468093395233154,2.46875
4Q7H_D.pdb,4QG2_A.pdb,0.7465196251869202,2.796875
5EZV_D.pdb,4ZHX_B.pdb,1.008612036705017,2.421875
3SBY_A.pdb,5UOS_A.pdb,0.7640388011932373,3.265625
3SBY_A.pdb,5UOS_A.pdb,0.7640388011932373,3.265625
3SBY_A.pdb,5UOS_A.pdb,0.7640388011932373,3.265625
3SBY_A.pdb,5UOS_A.pdb,0.7640388011932373,3.265625
4OL0_B.pdb,4C0P_D.pdb,3.2578845024108887,3.0625
3DYT_A.pdb,2RAK_A.pdb,0.5298358201980591,3.515625
5LYO_A.pdb,4JZ1_A.pdb,0.4417650103569031,3.09375
5LYO_A.pdb,3NCL_A.pdb,0.44707655906677246,3.109375
5LYO_A.pdb,4R0I_A.pdb,0.4663296639919281,3.140625
5LYO_A.pdb,2GV6_A.pdb,0.44560131430625916,3.03125
5LYO_A.pdb,2GV7_A.pdb,0.4661414623260498,3.015625
3ZKX_A.pdb,3ZKN_A.pdb,0.4996381402015686,2.265625
2NS2_B.pdb,5JSG_B.pdb,0.6987283825874329,2.796875
2NS2_B.pdb,5JSJ_A.pdb,0.6723495721817017,2.921875
2NS2_B.pdb,4H75_A.pdb,0.5753703117370605,2.9375
3HLB_A.pdb,3HLE_A.pdb,0.5513548254966736,2.3125
3HLB_A.pdb,3HLG_A.pdb,0.5468934178352356,2.40625
3HLB_A.pdb,3HLE_A.pdb,0.5513548254966736,2.3125
3HLB_A.pdb,3HLF_A.pdb,0.5426360368728638,2.46875
2CX3_D.pdb,4GQC_D.pdb,0.47595107555389404,3.078125
4RE6_B.pdb,4RE5_A.pdb,3.6543357372283936,2.078125
4RE6_B.pdb,2HU8_A.pdb,3.8000972270965576,2.265625
4RE6_B.pdb,1VE7_A.pdb,3.9590485095977783,2.390625
1XGV_A.pdb,1XKD_B.pdb,2.2299046516418457,2.46875
1XGV_A.pdb,1XKD_B.pdb,2.2299046516418457,2.46875
4BOK_A.pdb,4D4C_B.pdb,0.25318992137908936,1.84375
4BOK_A.pdb,4D4D_B.pdb,0.24282722175121307,1.84375
4BOK_A.pdb,4D4B_B.pdb,0.2681918144226074,1.875
4XDW_B.pdb,1NWW_A.pdb,0.3446032404899597,2.734375
5CF2_C.pdb,4XDV_D.pdb,0.5120601654052734,3.203125
4XDV_E.pdb,4XBT_A.pdb,0.5540492534637451,3.21875
5CF2_C.pdb,5YAO_A.pdb,0.5727841258049011,3.25
5CF2_C.pdb,5GKW_A.pdb,0.5505680441856384,3.25
4RIE_B.pdb,4RIF_A.pdb,1.5251288414001465,3.078125
4N60_D.pdb,5T6S_F.pdb,0.5546303391456604,2.8125
5A9S_B.pdb,5A9T_A.pdb,0.8433540463447571,2.640625
4L7Z_F.pdb,4L80_A.pdb,0.4473285675048828,2.375
6X26_A.pdb,6X4W_A.pdb,13.58984088897705,3.84375
6X26_A.pdb,6X2F_A.pdb,22.436058044433594,3.890625
6X26_A.pdb,6X4Y_A.pdb,13.138930320739746,3.828125
6X26_A.pdb,6X43_A.pdb,13.267608642578125,3.8125
6X26_A.pdb,6X2N_A.pdb,12.515647888183594,3.8125
6SLO_A.pdb,6SLO_C.pdb,4.527653217315674,1.5546875
6SLO_B.pdb,6SLO_C.pdb,3.971160650253296,1.828125
6SLO_B.pdb,6SLO_D.pdb,2.3602781295776367,1.6015625
6MKJ_A.pdb,6MKG_A.pdb,0.754320502281189,2.03125
6MKJ_A.pdb,6MKF_A.pdb,0.6997437477111816,2.03125
6IC4_J.pdb,7D0A_E.pdb,0.34342682361602783,4.65625
6IC4_J.pdb,7D0A_B.pdb,0.34344717860221863,4.6875
6IC4_I.pdb,7D0A_E.pdb,0.31538212299346924,4.84375
6IC4_I.pdb,7D0A_B.pdb,0.31539851427078247,4.875
6IC4_J.pdb,7D08_E.pdb,0.44181379675865173,4.46875
7CT8_B.pdb,7CTA_B.pdb,0.5819334983825684,2.171875
7CT8_B.pdb,7CTA_A.pdb,0.5620254278182983,2.140625
7CT8_A.pdb,7CTA_B.pdb,0.4826886057853699,2.15625
7CT8_A.pdb,7CTA_A.pdb,0.4520176649093628,2.203125
6IMK_A.pdb,6IMJ_B.pdb,11.411288261413574,2.609375
6IML_A.pdb,6IMJ_B.pdb,15.065434455871582,2.609375
6IMK_A.pdb,6IMJ_A.pdb,11.477893829345703,2.546875
6IML_A.pdb,6IMJ_A.pdb,10.939152717590332,2.609375
6IMN_B.pdb,6IMJ_B.pdb,9.925609588623047,2.875
7C9T_A.pdb,7C81_A.pdb,1.2372997999191284,2.734375
7C9T_A.pdb,7C9S_A.pdb,1.2647593021392822,2.78125
7C9T_A.pdb,7C80_A.pdb,1.2900567054748535,2.984375
7C9T_A.pdb,7C9W_A.pdb,1.378618836402893,3.03125
6S8G_G.pdb,6S8H_G.pdb,3.1164894104003906,4.5
7JFS_A.pdb,7JNB_A.pdb,2.7792272567749023,2.984375
7JFS_A.pdb,7JNF_A.pdb,2.4931647777557373,2.78125
6PCO_D.pdb,6PCO_A.pdb,3.498854398727417,3.6875
6MH4_A.pdb,6MH5_B.pdb,1.5766791105270386,2.546875
6MH4_B.pdb,6MH5_B.pdb,1.7485201358795166,2.75
5Z4E_A.pdb,5Z4F_A.pdb,1.7824175357818604,4.03125
5Z4E_A.pdb,5Z36_A.pdb,2.3435044288635254,4.28125
5ZCI_B.pdb,5ZCM_A.pdb,0.2418530136346817,1.8046875
5ZCI_A.pdb,5ZCM_A.pdb,0.30633091926574707,1.8984375
7AHE_D.pdb,7AHD_D.pdb,2.2486183643341064,3.359375
7AHE_D.pdb,7AHD_C.pdb,2.3057992458343506,3.34375
7AHC_C.pdb,7AHD_D.pdb,2.388935089111328,3.25
7AHC_C.pdb,7AHD_C.pdb,2.380253791809082,3.25
7AHC_D.pdb,7AHD_C.pdb,2.270153045654297,3.359375
6VLC_D.pdb,6VLC_C.pdb,3.4644434452056885,2.765625
6VLC_B.pdb,6VLC_C.pdb,3.412888288497925,2.75
6VLC_D.pdb,6VLC_A.pdb,3.346209764480591,2.71875
6VLC_B.pdb,6VLC_A.pdb,3.2464802265167236,2.671875
6VLB_B.pdb,6VLC_C.pdb,2.567201852798462,2.390625
7AHD_A.pdb,7AHH_A.pdb,2.532966136932373,3.234375
7AHC_B.pdb,7AHD_B.pdb,2.315840721130371,3.296875
7AHC_A.pdb,7AHD_B.pdb,2.3206701278686523,3.296875
6TMH_F.pdb,6TMH_D.pdb,3.6407320499420166,2.796875
6YY1_D.pdb,6YW9_A.pdb,1.142638921737671,2.734375
6YY1_E.pdb,6YW9_A.pdb,1.0880790948867798,2.65625
6YY1_D.pdb,6YW9_B.pdb,1.1455442905426025,2.734375
6YY1_D.pdb,6YSP_C.pdb,1.0535287857055664,2.578125
6YY1_D.pdb,6YS6_C.pdb,1.1018832921981812,2.625
6HWK_B.pdb,6HWL_B.pdb,0.8753312826156616,2.28125
6HWK_B.pdb,6HWL_B.pdb,0.8753312826156616,2.28125
6JUA_B.pdb,6JU7_A.pdb,0.28378209471702576,2.5625
6JUA_B.pdb,6JU9_A.pdb,0.2796764373779297,2.484375
6JU5_A.pdb,6JU9_B.pdb,0.21447648108005524,2.375
6JU4_B.pdb,6JU9_A.pdb,0.23617857694625854,2.375
6JU4_B.pdb,6JU7_A.pdb,0.23991385102272034,2.421875
6AD1_A.pdb,6ACU_A.pdb,1.494872808456421,3.53125
6AD1_A.pdb,6AD0_A.pdb,1.396988034248352,3.328125
6ACY_A.pdb,6AD0_A.pdb,1.5225005149841309,3.171875
6ACZ_A.pdb,6ACU_A.pdb,1.4455171823501587,3.46875
6ACZ_A.pdb,6AD0_A.pdb,1.359445333480835,3.171875
6ZPM_A.pdb,6ZPM_B.pdb,2.7253167629241943,3.4375
7JK8_B.pdb,7JK8_A.pdb,1.7362608909606934,5.03125
6SJV_A.pdb,7CY5_A.pdb,3.6090104579925537,3.265625
6QF7_C.pdb,7CY5_A.pdb,3.4298670291900635,3.234375
6QF7_A.pdb,7CY5_A.pdb,3.4495937824249268,3.078125
6QF7_C.pdb,7CY8_A.pdb,3.2593846321105957,3.390625
6QF7_A.pdb,7CY8_A.pdb,3.2490122318267822,3.3125
7CYK_A.pdb,6LH1_A.pdb,3.5278639793395996,3.0625
7CYK_B.pdb,6LH1_A.pdb,3.5041892528533936,3.125
7CYG_A.pdb,6LH1_A.pdb,3.553532838821411,3.09375
7CYG_B.pdb,6LH1_A.pdb,3.547449827194214,3.171875
7D8J_A.pdb,7DEP_B.pdb,0.49990934133529663,2.78125
6NPD_B.pdb,6NPC_A.pdb,0.8559719920158386,1.984375
6NPD_B.pdb,6NPD_A.pdb,0.737309992313385,1.984375
6NPB_B.pdb,6NPC_A.pdb,0.9373086094856262,2.09375
6NPB_B.pdb,6NPD_A.pdb,0.8238343596458435,2.09375
6NPC_B.pdb,6NPC_A.pdb,0.961919903755188,2.03125
7DD3_x.pdb,7DCP_x.pdb,2.250718593597412,2.921875
6HB0_B.pdb,6HBD_B.pdb,4.233231067657471,3.03125
6HB0_B.pdb,6HBD_A.pdb,4.189299583435059,2.921875
6HB0_B.pdb,6HYH_B.pdb,4.163642406463623,3.078125
6HB0_B.pdb,6HBM_B.pdb,4.112585544586182,3.203125
6HB0_A.pdb,6HBD_B.pdb,4.044270038604736,3.140625
7JG7_D.pdb,7JGA_E.pdb,0.644935667514801,2.859375
7JG6_F.pdb,7JGA_E.pdb,0.6464413404464722,2.859375
7JG7_D.pdb,7JG5_F.pdb,0.6465240120887756,2.796875
7JG6_F.pdb,7JG5_F.pdb,0.6480025053024292,2.78125
7JG5_E.pdb,7JG5_F.pdb,3.75753116607666,2.671875
7JG8_B.pdb,7JG5_A.pdb,0.5139931440353394,2.703125
7JG9_B.pdb,7JG5_A.pdb,0.4864572286605835,2.109375
7JG9_B.pdb,7JGA_A.pdb,0.15102240443229675,2.53125
7JG9_A.pdb,7JGA_C.pdb,0.08668596297502518,2.59375
7JG6_A.pdb,7JGA_C.pdb,0.5585246682167053,2.59375
6AC6_B.pdb,6ACX_A.pdb,1.5240561962127686,3.109375
6RD6_T.pdb,6RDS_U.pdb,3.8098902702331543,5.28125
6RD6_T.pdb,6RDR_U.pdb,3.809842586517334,5.28125
6RD6_T.pdb,6RDQ_U.pdb,3.809842586517334,5.28125
6RD6_T.pdb,6RES_U.pdb,4.553963661193848,5.75
6RD6_T.pdb,6REA_U.pdb,2.3229236602783203,5.65625
6REP_Y.pdb,6RDX_X.pdb,3.659580707550049,3.15625
6REP_Y.pdb,6RDW_X.pdb,3.659580707550049,3.15625
6REP_Y.pdb,6RDY_X.pdb,3.661803722381592,3.171875
6REP_Y.pdb,6RET_Z.pdb,3.6820993423461914,3.5
6REP_Y.pdb,6RES_Z.pdb,3.6820993423461914,3.5
6WN8_J.pdb,6WN8_E.pdb,0.38726168870925903,2.0
6WN8_J.pdb,6WN8_E.pdb,0.38726168870925903,2.0
6WN8_F.pdb,6WN8_E.pdb,0.37113359570503235,2.171875
6WN8_F.pdb,6WN8_E.pdb,0.37113359570503235,2.171875
6UGS_A.pdb,6UGV_H.pdb,5.107081413269043,1.546875
6UGS_A.pdb,6UGV_A.pdb,4.946859359741211,1.6328125
6UGU_A.pdb,6UGV_H.pdb,5.018349647521973,1.578125
6UGU_A.pdb,6UGV_A.pdb,4.863058567047119,1.640625
6UGS_H.pdb,6UGV_H.pdb,4.958907127380371,1.3984375
6QOG_B.pdb,6QRE_B.pdb,0.41132766008377075,2.296875
6QOG_B.pdb,6QRE_B.pdb,0.41132766008377075,2.296875
6QOG_B.pdb,6QRE_B.pdb,0.41132766008377075,2.296875
6QOG_B.pdb,6QOO_B.pdb,0.28983891010284424,2.046875
6NVR_A.pdb,6QRE_B.pdb,0.4603094756603241,2.40625
6KMF_B.pdb,6JZK_B.pdb,1.3878741264343262,3.515625
6KMF_C.pdb,6JZK_B.pdb,1.433764100074768,3.625
6KMF_D.pdb,6JZK_B.pdb,1.889089584350586,6.625
6NO6_B.pdb,6NO4_A.pdb,0.8964319825172424,2.640625
6NO6_A.pdb,6NO4_A.pdb,0.618196427822113,2.640625
6RXG_B.pdb,6RXE_B.pdb,1.1385189294815063,1.6875
6RXD_A.pdb,6RXE_B.pdb,1.3287147283554077,1.703125
6RXG_B.pdb,6RXE_A.pdb,1.1763710975646973,1.875
6RXD_A.pdb,6RXE_A.pdb,1.3037898540496826,1.8203125
6NJP_F.pdb,6NJP_D.pdb,1.9672623872756958,3.40625
6NJP_F.pdb,6NJO_D.pdb,1.8912914991378784,3.453125
6NJO_F.pdb,6NJP_D.pdb,1.9816925525665283,3.390625
6NJO_F.pdb,6NJO_D.pdb,1.9006438255310059,3.515625
6NJP_A.pdb,6NJP_D.pdb,1.6000014543533325,3.140625
6A06_A.pdb,6IYF_B.pdb,0.4832216501235962,2.921875
6A04_A.pdb,6IYF_B.pdb,0.4507637321949005,2.953125
7DO5_D.pdb,7DO7_B.pdb,0.2794364094734192,1.84375
7DO5_D.pdb,7DO7_B.pdb,0.2794364094734192,1.84375
7DO5_D.pdb,7DO7_A.pdb,0.2969590425491333,1.890625
7DO5_D.pdb,7DO7_A.pdb,0.2969590425491333,1.890625
6UT3_F.pdb,6UT3_E.pdb,0.7534610033035278,3.890625
6UT3_B.pdb,6UT3_C.pdb,0.9220637679100037,3.859375
6UT3_B.pdb,6UT3_C.pdb,0.9220637679100037,3.859375
6ZQW_G.pdb,6ZQV_A.pdb,3.193763017654419,3.40625
6ZQJ_G.pdb,6ZQV_A.pdb,3.193753719329834,3.40625
6ZQW_G.pdb,6ZQV_E.pdb,3.161308526992798,3.453125
6ZQJ_G.pdb,6ZQV_E.pdb,3.1612987518310547,3.453125
6ZQW_G.pdb,6ZQV_C.pdb,3.1202001571655273,3.375
6IJB_A.pdb,6IHK_B.pdb,0.4462977349758148,1.96875
6IJB_A.pdb,6IJB_B.pdb,0.5483382344245911,1.9140625
6IHK_A.pdb,6IHK_B.pdb,0.37566256523132324,2.03125
6IHK_A.pdb,6IJB_B.pdb,0.5234103798866272,2.046875
6VTG_A.pdb,6VTB_A.pdb,1.632558822631836,2.46875
7KC7_B.pdb,7KCT_B.pdb,0.28649526834487915,1.8359375
7KC7_B.pdb,7KCT_B.pdb,0.28649526834487915,1.8359375
7KC7_B.pdb,7KCT_A.pdb,0.3048241436481476,1.671875
7KC7_B.pdb,7KCT_A.pdb,0.3048241436481476,1.671875
7KC7_B.pdb,7KC7_A.pdb,0.27602848410606384,1.65625
6VQ8_C.pdb,6VQB_A.pdb,1.7171684503555298,2.546875
6VQB_C.pdb,6VQB_A.pdb,1.7171785831451416,2.5625
6VQ8_C.pdb,6VQ8_A.pdb,1.7171685695648193,2.546875
6VQB_C.pdb,6VQ8_A.pdb,1.7171787023544312,2.5625
6VQ8_C.pdb,6VQA_B.pdb,1.7217061519622803,2.578125
6O8O_A.pdb,6O8M_A.pdb,0.9927578568458557,3.578125
6O8O_C.pdb,6O8M_A.pdb,1.0905249118804932,3.9375
6P8V_E.pdb,6P8V_D.pdb,3.1996638774871826,3.09375
6P8V_E.pdb,6P8V_C.pdb,2.766702890396118,3.015625
6P8V_E.pdb,6P8V_B.pdb,2.8351573944091797,2.953125
6P8V_E.pdb,6P8V_B.pdb,2.8351573944091797,2.953125
6UR2_A.pdb,6US5_D.pdb,0.5309291481971741,2.40625
6UR4_A.pdb,6US5_D.pdb,0.47509709000587463,2.296875
6V0B_D.pdb,6V03_C.pdb,1.5752555131912231,4.15625
6V0B_D.pdb,6V03_C.pdb,1.5752555131912231,4.15625
6V0B_B.pdb,6V03_C.pdb,1.575251817703247,4.15625
6V0B_B.pdb,6V03_C.pdb,1.575251817703247,4.15625
6V0B_E.pdb,6V03_C.pdb,1.5752639770507812,4.15625
6RWO_L.pdb,6RWM_I.pdb,4.083564758300781,2.796875
6RWO_D.pdb,6RWM_I.pdb,4.083560943603516,2.796875
6RWO_L.pdb,6RWM_A.pdb,4.083564281463623,2.78125
6RWO_D.pdb,6RWM_A.pdb,4.083560943603516,2.78125
6RWN_D.pdb,6RWM_I.pdb,4.042734146118164,2.796875
6R4P_A.pdb,6R4O_A.pdb,1.3205431699752808,3.234375
6R4P_A.pdb,6R4O_A.pdb,1.3205431699752808,3.234375
7C1P_A.pdb,7C1R_A.pdb,2.495093822479248,3.1875
7C1P_A.pdb,7C1L_A.pdb,2.479013681411743,3.15625
7C1P_A.pdb,7C1S_A.pdb,2.426865816116333,3.140625
7C1P_A.pdb,7C1S_A.pdb,2.426865816116333,3.140625
7C1P_C.pdb,7C1R_A.pdb,2.486440896987915,3.109375
6RLB_B.pdb,6SC2_A.pdb,15.648011207580566,3.484375
6RLB_B.pdb,6SC2_A.pdb,15.648011207580566,3.484375
6RLB_B.pdb,6SC2_A.pdb,15.648011207580566,3.484375
6RLB_B.pdb,6SC2_A.pdb,15.648011207580566,3.484375
6RLB_A.pdb,6SC2_B.pdb,15.154598236083984,3.78125
6M85_A.pdb,6M84_A.pdb,2.1992266178131104,2.0625
6VY0_D.pdb,6VXZ_C.pdb,2.8837060928344727,3.515625
6VY0_D.pdb,6VXZ_A.pdb,2.8837082386016846,3.515625
6VY0_A.pdb,6VXZ_C.pdb,2.8836960792541504,3.515625
6VY0_D.pdb,6VXZ_D.pdb,2.883711576461792,3.515625
6VY0_A.pdb,6VXZ_A.pdb,2.8836982250213623,3.515625
6PDW_F.pdb,6PDY_A.pdb,2.4134573936462402,4.875
6PDW_F.pdb,6PDW_B.pdb,2.1437721252441406,4.34375
6PE0_F.pdb,6PDW_B.pdb,1.784481406211853,4.59375
6PDY_F.pdb,6PDW_B.pdb,2.024040460586548,4.625
6OGY_A.pdb,6OGZ_A.pdb,0.80824214220047,2.921875
6OGY_A.pdb,6OGZ_A.pdb,0.80824214220047,2.921875
6R76_B.pdb,6R77_B.pdb,2.8988282680511475,2.328125
6R76_B.pdb,6R77_A.pdb,2.8935933113098145,2.3125
6R76_D.pdb,6R77_B.pdb,2.8292396068573,2.328125
6R76_D.pdb,6R77_A.pdb,2.8481640815734863,2.390625
6FHI_B.pdb,6T0V_B.pdb,1.194445252418518,2.734375
6FHH_B.pdb,6T0V_B.pdb,1.189021110534668,2.703125
6FHI_B.pdb,6SZV_B.pdb,0.9577898383140564,2.640625
6T0N_B.pdb,6T0V_B.pdb,0.8967181444168091,2.5
6FHH_B.pdb,6SZV_B.pdb,0.9649576544761658,2.625
6FHH_A.pdb,6SZV_A.pdb,1.1807687282562256,2.71875
6FHH_A.pdb,6TW1_A.pdb,1.1491734981536865,2.75
6FHI_A.pdb,6SZV_A.pdb,1.240210771560669,2.6875
6FHH_A.pdb,6T0V_A.pdb,1.242357850074768,2.8125
6FHI_A.pdb,6TW1_A.pdb,1.2470636367797852,2.6875
6I5Q_D.pdb,6I6K_B.pdb,1.7424372434616089,2.765625
6I5Q_D.pdb,6I6N_B.pdb,1.7366077899932861,2.75
6I5Q_D.pdb,6I6L_B.pdb,1.7479327917099,2.75
6I5Q_D.pdb,6I6K_A.pdb,1.7395199537277222,2.78125
6I5Q_D.pdb,6I6N_A.pdb,1.7332125902175903,2.71875
6ECI_J.pdb,6ECI_E.pdb,0.44056615233421326,3.703125
6ECI_J.pdb,6ECI_E.pdb,0.44056615233421326,3.703125
6ECI_J.pdb,6ECI_B.pdb,0.506068766117096,3.71875
6ECI_J.pdb,6ECI_N.pdb,0.38420569896698,3.546875
6ECI_J.pdb,6ECI_N.pdb,0.38420569896698,3.546875
7K9R_C.pdb,7K9W_B.pdb,0.37725329399108887,2.921875
7K9R_A.pdb,7K9W_B.pdb,0.4970325827598572,3.078125
7K9R_B.pdb,7K9W_B.pdb,0.5638980865478516,3.171875
7K9R_C.pdb,7K9U_B.pdb,0.3898712396621704,2.75
7K9R_C.pdb,7K9W_A.pdb,0.4565732777118683,2.765625
6Q5T_B.pdb,6G3N_B.pdb,0.5820335745811462,2.484375
6Q5T_B.pdb,6G3N_A.pdb,0.5690872073173523,2.46875
6Q5T_A.pdb,6G3N_B.pdb,0.6301252245903015,2.546875
6Q5T_A.pdb,6G3N_A.pdb,0.6150822639465332,2.625
6J5J_E.pdb,6J5I_F.pdb,3.9178898334503174,3.046875
6L8W_A.pdb,6L8Z_A.pdb,0.6385436654090881,2.203125
6S3E_B.pdb,6S3N_B.pdb,4.603355884552002,3.609375
6S3E_B.pdb,6S3M_B.pdb,4.911075115203857,3.5625
6S3E_B.pdb,6S3M_A.pdb,4.740488529205322,3.546875
6S3E_B.pdb,6S3I_A.pdb,4.771462917327881,3.640625
6S3E_B.pdb,6S3N_A.pdb,4.612008571624756,3.484375
6O6P_A.pdb,6O6N_A.pdb,2.2246651649475098,3.140625
6O6P_B.pdb,6O6N_A.pdb,1.8783411979675293,2.609375
6JPU_C.pdb,6JQ0_B.pdb,3.1859803199768066,4.5
6JPU_F.pdb,6JQ0_B.pdb,3.1859841346740723,4.5
6JPU_E.pdb,6JQ0_B.pdb,3.1859893798828125,4.5
6JPU_A.pdb,6JQ0_B.pdb,3.185979127883911,4.5
6JPU_B.pdb,6JQ0_B.pdb,3.1859805583953857,4.5
6FON_A.pdb,6FP6_R.pdb,15.435957908630371,2.421875
6FON_C.pdb,6FP6_R.pdb,14.976609230041504,2.453125
6YG0_A.pdb,6YG6_A.pdb,1.114476203918457,2.734375
6YFZ_A.pdb,6YG6_A.pdb,1.337384581565857,2.625
6YG0_A.pdb,6YG6_B.pdb,1.0359419584274292,2.734375
6QFL_A.pdb,6YG6_A.pdb,1.2332134246826172,3.078125
6QFL_A.pdb,6YG7_B.pdb,0.942697286605835,3.140625
6UGH_A.pdb,6UXY_A.pdb,0.9539353847503662,2.921875
6JL6_E.pdb,6JKT_B.pdb,0.2664063274860382,2.0625
6JL6_E.pdb,6JKT_A.pdb,0.2308204472064972,1.96875
6JL6_D.pdb,6JKT_B.pdb,0.283452570438385,1.96875
6JL6_D.pdb,6JKT_A.pdb,0.26587212085723877,1.90625
6JKQ_F.pdb,6JKT_B.pdb,0.39490246772766113,2.34375
7JMK_A.pdb,6XRU_A.pdb,0.6405397653579712,2.3125
7JJ0_A.pdb,6XRU_A.pdb,0.6504198312759399,2.234375
7JJ0_C.pdb,6XRU_A.pdb,0.6195597648620605,2.1875
6HE8_H.pdb,6HEA_M.pdb,13.52100658416748,4.375
6HE8_H.pdb,6HED_K.pdb,15.826834678649902,4.28125
6HEA_L.pdb,6HEA_M.pdb,14.637202262878418,4.28125
6HED_J.pdb,6HEA_M.pdb,8.066474914550781,4.40625
6HEA_L.pdb,6HED_K.pdb,13.332098007202148,4.3125
6S2J_B.pdb,6S7R_K.pdb,0.3385421335697174,2.78125
6S2J_B.pdb,6S7R_L.pdb,0.33781635761260986,2.6875
7CR3_G.pdb,7CR7_B.pdb,1.506556749343872,3.953125
7CR3_A.pdb,7CR7_B.pdb,1.506556749343872,3.953125
7CR3_D.pdb,7CR7_B.pdb,1.506556749343872,3.953125
7CR3_B.pdb,7CR7_B.pdb,1.506556749343872,3.953125
7CR3_G.pdb,7CR7_G.pdb,1.5065879821777344,3.953125
7ABI_U.pdb,6ICZ_Q.pdb,0.005066196899861097,0.55078125
6FF7_U.pdb,6ICZ_Q.pdb,0.002257036278024316,0.44140625
7A5P_U.pdb,6ICZ_Q.pdb,1.2459776401519775,1.4609375
6E1F_D.pdb,6VYP_K.pdb,1.1963489055633545,4.1875
6E1F_B.pdb,6VYP_K.pdb,1.219215989112854,4.4375
6OYZ_B.pdb,6OZ6_C.pdb,0.5774274468421936,3.109375
7K2T_D.pdb,6M96_B.pdb,0.6462993025779724,3.0
6P5M_C.pdb,6P5M_A.pdb,0.44048771262168884,1.6875
6P5M_D.pdb,6P5M_A.pdb,0.5401463508605957,1.671875
6DEW_C.pdb,6DEW_A.pdb,0.7150434255599976,2.703125
6DEW_C.pdb,6DEW_A.pdb,0.7150434255599976,2.703125
6DEW_C.pdb,6DEW_A.pdb,0.7150434255599976,2.703125
6DEW_F.pdb,6DEW_A.pdb,0.821368932723999,2.703125
6DEW_F.pdb,6DEW_A.pdb,0.821368932723999,2.703125
6ZBU_F.pdb,6XZZ_B.pdb,0.5994559526443481,6.15625
6ZBU_J.pdb,6XZZ_B.pdb,0.4919798970222473,6.125
6ZBU_B.pdb,6XZZ_B.pdb,0.6513963937759399,6.125
6S9I_B.pdb,6FF7_r.pdb,5.689394950866699,3.03125
6S9I_B.pdb,6FF7_r.pdb,5.689394950866699,3.03125
6S8Q_B.pdb,6FF7_r.pdb,5.6487531661987305,3.0
6S8Q_B.pdb,6FF7_r.pdb,5.6487531661987305,3.0
6AH0_D.pdb,6FF7_r.pdb,0.5892852544784546,0.1904296875
6V9X_D.pdb,6V9V_D.pdb,2.8035531044006348,3.25
6V9X_A.pdb,6V9V_D.pdb,2.8035428524017334,3.265625
6V9X_D.pdb,6V9V_B.pdb,2.802274465560913,3.25
6V9X_C.pdb,6V9V_D.pdb,2.8035364151000977,3.25
6V9X_A.pdb,6V9V_B.pdb,2.8035390377044678,3.25
7CA5_B.pdb,7CA3_B.pdb,6.058873176574707,5.125
7CA5_B.pdb,6W2X_B.pdb,3.3682804107666016,5.09375
7CA5_B.pdb,7CUM_B.pdb,2.4158642292022705,4.96875
7CA5_B.pdb,6WIV_B.pdb,2.208672285079956,4.90625
6ZKJ_H.pdb,6ZKC_H.pdb,0.537276029586792,2.78125
6PXD_D.pdb,6VM3_B.pdb,2.192612648010254,3.203125
6PXD_B.pdb,6VM3_B.pdb,2.1926205158233643,3.21875
6PXD_E.pdb,6VM3_B.pdb,2.1926138401031494,3.21875
6PXD_D.pdb,6VM3_C.pdb,2.19260311126709,3.203125
6PXD_A.pdb,6VM3_B.pdb,2.1926114559173584,3.21875
6MIZ_A.pdb,6PUU_D.pdb,4.592379570007324,4.8125
6MIZ_A.pdb,6PUU_B.pdb,4.59237813949585,4.8125
6MIZ_A.pdb,6PUU_A.pdb,4.592376232147217,4.8125
6MIZ_B.pdb,6PUU_D.pdb,4.592379570007324,4.8125
6MIZ_B.pdb,6PUU_B.pdb,4.592377662658691,4.8125
6KYV_F.pdb,7JL3_E.pdb,2.810822010040283,3.328125
6KYV_F.pdb,7JL3_C.pdb,2.811302661895752,3.328125
6KYV_F.pdb,7JL3_A.pdb,2.8116543292999268,3.328125
6KYV_D.pdb,7JL3_E.pdb,2.689121961593628,3.359375
6KYV_D.pdb,7JL3_C.pdb,2.6883344650268555,3.359375
5ZJF_F.pdb,6SBU_D.pdb,1.04751455783844,2.5625
5ZJF_K.pdb,6SBU_D.pdb,1.0738362073898315,2.5625
5ZJF_F.pdb,6SBU_H.pdb,1.00993013381958,2.546875
5ZJF_K.pdb,6SBU_H.pdb,1.0446032285690308,2.59375
5ZJE_C.pdb,6SBU_D.pdb,0.9203726649284363,2.765625
6GIQ_c.pdb,6YMX_c.pdb,1.4084324836730957,4.625
6GIQ_c.pdb,6YMY_c.pdb,1.539239764213562,4.71875
6GIQ_e.pdb,6YMX_e.pdb,0.7984375357627869,4.75
6GIQ_e.pdb,6YMY_e.pdb,0.802067220211029,4.84375
6GIQ_e.pdb,6HU9_e.pdb,0.7898210287094116,4.84375
6GIQ_e.pdb,6HU9_q.pdb,0.7847205996513367,4.8125
6N4J_B.pdb,6N4L_A.pdb,0.553666353225708,2.78125
6N4J_A.pdb,6N4L_A.pdb,0.6690040826797485,2.78125
6N4J_B.pdb,6N4M_A.pdb,0.5084593296051025,2.75
6N4J_A.pdb,6N4M_A.pdb,0.6248278617858887,2.78125
6N4C_F.pdb,7KHI_F.pdb,7.815913200378418,5.09375
6N4C_F.pdb,6N57_L.pdb,6.323914051055908,5.25
6N4C_F.pdb,6PSV_L.pdb,4.266110897064209,5.125
6K4Y_F.pdb,6N57_L.pdb,2.0245585441589355,4.0625
6K4Y_F.pdb,6N58_L.pdb,1.9412353038787842,4.25
6S7N_A.pdb,6SR3_A.pdb,1.384081482887268,3.109375
6S7N_A.pdb,6SR4_A.pdb,1.3662792444229126,3.0
6S7N_A.pdb,6SR5_A.pdb,1.3582959175109863,2.90625
6S7N_A.pdb,6SR2_A.pdb,1.3921105861663818,2.953125
6S7N_A.pdb,6SR1_A.pdb,1.3644728660583496,2.84375
6SZW_D.pdb,6QF7_B.pdb,10.654428482055664,6.375
6SZW_D.pdb,6QF7_D.pdb,10.676897048950195,6.5625
6VM1_F.pdb,6VOG_E.pdb,3.514890193939209,4.5625
6VM1_F.pdb,6VOF_E.pdb,3.5205869674682617,4.625
6VM1_F.pdb,6VMD_F.pdb,3.5603415966033936,4.65625
6VM1_F.pdb,6VOH_F.pdb,3.496842861175537,4.5625
6VM1_F.pdb,6VOI_F.pdb,3.4979546070098877,4.59375
6KKM_A.pdb,6Z1F_E.pdb,0.9184681177139282,3.046875
6KKM_A.pdb,6Z1F_G.pdb,0.9216071367263794,2.984375
6KKM_C.pdb,6Z1F_E.pdb,0.9193850159645081,3.078125
6KKM_A.pdb,6Z1F_D.pdb,0.8876989483833313,2.984375
6KKM_A.pdb,6Z1F_C.pdb,0.8874797821044922,3.0
6H04_A.pdb,6I2X_A.pdb,22.328433990478516,4.28125
6H04_A.pdb,7AD7_B.pdb,1.886908769607544,3.796875
6I2X_C.pdb,7AD7_B.pdb,1.1198683977127075,2.578125
6MPP_B.pdb,6WGH_A.pdb,0.4201338589191437,6.875
6ULK_C.pdb,6WGH_A.pdb,0.13003693521022797,6.03125
6ULK_C.pdb,6ZIR_A.pdb,0.027758734300732613,6.84375
6ULK_C.pdb,6ZIR_A.pdb,0.027758734300732613,6.84375
6ULK_C.pdb,6ZIR_A.pdb,0.027758734300732613,6.84375
6JTP_C.pdb,6W4E_C.pdb,0.6013116836547852,6.8125
6JTP_C.pdb,6W4E_C.pdb,0.6013116836547852,6.8125
6JTP_C.pdb,7ACQ_A.pdb,0.8203032612800598,6.59375
6JTP_C.pdb,6YXW_A.pdb,0.16286660730838776,6.78125
6JTP_C.pdb,6W4F_C.pdb,0.25084376335144043,6.6875
6SOF_H.pdb,6GNQ_B.pdb,0.8875468373298645,5.3125
6SOF_H.pdb,6GNQ_D.pdb,0.9965863227844238,5.15625
6SOF_H.pdb,6TC2_H.pdb,1.1963893175125122,5.3125
6SOF_F.pdb,6GNQ_B.pdb,3.782884359359741,5.625
6SOF_F.pdb,6GNQ_D.pdb,1.9205423593521118,5.5625
6KIQ_b.pdb,6TA4_B.pdb,2.498807907104492,4.8125
6KIO_b.pdb,6TA4_B.pdb,2.477281093597412,4.75
6KIQ_b.pdb,6TA3_B.pdb,2.254316568374634,4.8125
6KIQ_b.pdb,6TIW_B.pdb,2.245131492614746,4.8125
6KIO_b.pdb,6TA3_B.pdb,2.1826729774475098,4.71875
7KJR_D.pdb,6PTS_C.pdb,4.1688432693481445,5.0625
7KJR_D.pdb,6PTS_C.pdb,4.1688432693481445,5.0625
7KJR_D.pdb,6PTS_C.pdb,4.1688432693481445,5.0625
7KJR_D.pdb,6W4F_D.pdb,0.1812317967414856,5.03125
7KJR_D.pdb,6W4F_D.pdb,0.1812317967414856,5.03125
6OFJ_B.pdb,6PH7_A.pdb,2.344167709350586,4.4375
6OFJ_A.pdb,6PH7_A.pdb,2.344151496887207,4.4375
6OFJ_B.pdb,6PGS_A.pdb,2.2010438442230225,4.34375
6OFJ_A.pdb,6PGS_A.pdb,2.201030969619751,4.34375
6OFJ_B.pdb,6PEL_A.pdb,2.324793577194214,4.40625
6JEF_A.pdb,7BD7_A.pdb,0.10777345299720764,1.6171875
6MLV_A.pdb,6MLP_E.pdb,4.6031975746154785,2.328125
6MLV_A.pdb,6MLI_E.pdb,4.393093109130859,2.1875
6MLV_A.pdb,6MKW_A.pdb,4.366593837738037,2.265625
6MKX_A.pdb,6MLP_E.pdb,4.0552592277526855,2.1875
6MKX_A.pdb,6MLI_E.pdb,3.8970015048980713,2.15625
6G5R_A.pdb,6YN0_A.pdb,3.300311803817749,5.03125
6FZK_A.pdb,6YN0_A.pdb,2.1818153858184814,4.59375
6NPP_A.pdb,6NPP_B.pdb,0.28928619623184204,2.3125
6NPP_A.pdb,6NPM_B.pdb,0.27191874384880066,2.234375
6NPP_A.pdb,6VH6_B.pdb,0.27116337418556213,2.28125
6NPP_A.pdb,6NPI_B.pdb,0.2739195227622986,2.09375
6NPP_A.pdb,6NPI_B.pdb,0.2739195227622986,2.09375
7JN3_F.pdb,7JN3_A.pdb,5.120341777801514,3.796875
7JN3_F.pdb,7JN3_E.pdb,5.1689653396606445,3.8125
7JN3_F.pdb,7KUI_A.pdb,4.834505558013916,3.6875
7KUI_B.pdb,7JN3_A.pdb,4.899422645568848,3.796875
7KUI_B.pdb,7JN3_E.pdb,4.887631416320801,3.71875
6R8X_A.pdb,6TS6_A.pdb,0.4368251860141754,2.484375
6R8X_A.pdb,6W50_A.pdb,0.38732320070266724,2.546875
6R8X_A.pdb,6TS5_A.pdb,0.410049706697464,2.515625
6R8X_A.pdb,5QQO_A.pdb,0.38958540558815,2.578125
6R8X_A.pdb,5QQP_A.pdb,0.38883650302886963,2.5625
7BGY_B.pdb,7LC3_B.pdb,8.612095832824707,3.59375
6HRB_B.pdb,7LC3_B.pdb,8.750792503356934,4.0
7LC6_B.pdb,7LC3_B.pdb,6.6618452072143555,3.6875
6HRB_B.pdb,7BH1_B.pdb,9.25753116607666,4.15625
7BGY_B.pdb,7BH1_B.pdb,9.457319259643555,3.84375
7JHP_C.pdb,6PTW_D.pdb,0.7058112025260925,4.5625
7JHP_C.pdb,6PTW_D.pdb,0.7058112025260925,4.5625
7JHP_C.pdb,6PTW_D.pdb,0.7058112025260925,4.5625
7JHP_C.pdb,6PTW_D.pdb,0.7058112025260925,4.5625
7JHP_C.pdb,6PTS_D.pdb,0.6486570239067078,4.3125
6R94_C.pdb,6T90_C.pdb,0.5219818353652954,2.96875
6R94_G.pdb,6T90_C.pdb,0.46377068758010864,3.015625
6R94_C.pdb,6YOV_C.pdb,0.7904280424118042,3.328125
6R94_G.pdb,6YOV_C.pdb,0.7709384560585022,3.359375
6T7D_G.pdb,6T90_C.pdb,0.14310401678085327,3.921875
6VMG_B.pdb,6VOJ_C.pdb,1.6115436553955078,4.21875
6VMG_B.pdb,6VOJ_C.pdb,1.6115436553955078,4.21875
6VMG_B.pdb,6VOK_C.pdb,1.5855493545532227,4.09375
6VMG_B.pdb,6VOK_C.pdb,1.5855493545532227,4.09375
6VM1_C.pdb,6VMB_A.pdb,1.9744606018066406,4.5625
6GU7_C.pdb,6GU2_A.pdb,0.7719127535820007,2.8125
6GU7_C.pdb,6GU4_A.pdb,0.7401935458183289,3.109375
6GU7_C.pdb,6GU3_A.pdb,0.6869308948516846,3.078125
6GU7_E.pdb,6GU2_A.pdb,0.9821332693099976,2.75
6GU7_G.pdb,6GU2_A.pdb,0.9157911539077759,2.734375
6PH5_A.pdb,6BEL_A.pdb,1.3614637851715088,2.625
6PH5_A.pdb,6BEL_A.pdb,1.3614637851715088,2.625
6PH5_A.pdb,7K96_A.pdb,1.2421115636825562,2.65625
6PH5_A.pdb,6DIC_A.pdb,1.2591049671173096,2.625
6PH5_A.pdb,6N2S_A.pdb,1.5008994340896606,2.65625
6OJ7_C.pdb,6PRL_F.pdb,0.6384603977203369,3.34375
6NRO_B.pdb,6PRL_D.pdb,0.3289584219455719,2.84375
6V3V_F.pdb,6PRL_F.pdb,0.5242279767990112,3.921875
6V3V_B.pdb,6PRL_F.pdb,0.3277144432067871,3.15625
6NRO_B.pdb,6PRL_F.pdb,0.29525381326675415,2.640625
6WN4_D.pdb,6OB0_D.pdb,0.9875006675720215,6.3125
6WN4_D.pdb,6OB0_D.pdb,0.9875006675720215,6.3125
6WN4_D.pdb,6OB0_C.pdb,0.9848170876502991,6.375
6WN4_D.pdb,6OB0_C.pdb,0.9848170876502991,6.375
6WN4_D.pdb,6OB0_B.pdb,0.9863677620887756,6.46875
6DO6_A.pdb,6DRG_A.pdb,1.420088291168213,3.21875
6DO7_A.pdb,6DRG_A.pdb,0.867276668548584,2.796875
6JSI_F.pdb,6U5U_G.pdb,5.792787551879883,5.0625
6JSI_G.pdb,6U5U_G.pdb,5.792780876159668,5.0625
6JSI_B.pdb,6U5U_G.pdb,5.792795658111572,5.0625
6JSH_B.pdb,6U5U_G.pdb,5.203756809234619,5.0625
6JSH_G.pdb,6U5U_G.pdb,5.203756332397461,5.0625
7KK2_A.pdb,6NRI_A.pdb,0.34608525037765503,2.203125
7KK2_B.pdb,6NRI_A.pdb,0.3511423170566559,2.3125
7KK2_B.pdb,6NRG_A.pdb,0.38138267397880554,2.28125
7KK2_B.pdb,6NRH_A.pdb,0.3474236726760864,2.265625
7KK2_A.pdb,7AAB_B.pdb,0.7180411219596863,2.40625
6N4C_D.pdb,6PSV_J.pdb,2.0313501358032227,4.25
6N58_J.pdb,7KHE_D.pdb,1.1878808736801147,3.21875
6N58_J.pdb,7KHE_D.pdb,1.1878808736801147,3.21875
6N58_J.pdb,7KHE_D.pdb,1.1878808736801147,3.21875
6N58_J.pdb,6PSW_J.pdb,1.3247668743133545,3.0
6TQO_X.pdb,7KHI_C.pdb,2.1960151195526123,3.34375
6TQN_X.pdb,7KHI_C.pdb,2.1258749961853027,3.28125
6JNX_C.pdb,7KHI_C.pdb,1.606062889099121,3.25
6XAS_I.pdb,7KHI_C.pdb,1.5944491624832153,3.09375
6P18_C.pdb,7KHI_C.pdb,1.5538803339004517,3.125
6UKK_A.pdb,6UBO_B.pdb,18.15815544128418,2.9375
6UKK_A.pdb,6UBO_B.pdb,18.15815544128418,2.9375
6UKK_A.pdb,6UBO_A.pdb,18.206594467163086,2.953125
6UKK_A.pdb,6UBO_A.pdb,18.206594467163086,2.953125
6TQH_C.pdb,6TQM_A.pdb,1.8850599527359009,4.1875
6TQH_F.pdb,6TQM_A.pdb,1.88325035572052,4.1875
6TQH_C.pdb,6TQM_B.pdb,1.8858859539031982,4.1875
6TQH_F.pdb,6TQM_B.pdb,1.8822025060653687,4.1875
6MI7_A.pdb,6MHZ_B.pdb,3.124302864074707,4.0625
6MI7_A.pdb,6MHZ_A.pdb,3.0038909912109375,4.09375
6MI7_A.pdb,6MI8_B.pdb,2.954267978668213,3.90625
6MI7_A.pdb,6MI8_A.pdb,2.954253911972046,3.921875
6MI7_A.pdb,6MBN_A.pdb,2.868779420852661,3.796875
6LUR_H.pdb,6LUR_D.pdb,4.346445560455322,1.875
6LUR_H.pdb,6LUR_D.pdb,4.346445560455322,1.875
6LUR_H.pdb,6LUR_B.pdb,3.999447822570801,1.921875
6LUR_H.pdb,6LUR_B.pdb,3.999447822570801,1.921875
6LUR_H.pdb,6LUR_B.pdb,3.999447822570801,1.921875
6BBM_B.pdb,6QEM_D.pdb,2.7573940753936768,4.65625
6BBM_F.pdb,6QEM_D.pdb,2.2791049480438232,4.21875
6BBM_D.pdb,6QEM_D.pdb,2.5068585872650146,4.375
6BBM_B.pdb,6QEM_B.pdb,2.22896409034729,4.59375
6BBM_F.pdb,6QEM_B.pdb,1.7543333768844604,4.3125
5ZE6_D.pdb,5ZE6_B.pdb,1.1580007076263428,3.21875
5ZE6_D.pdb,5ZE6_A.pdb,0.9694089293479919,3.109375
5ZE6_C.pdb,5ZE6_B.pdb,0.8771541118621826,3.234375
6MI8_G.pdb,6MHU_G.pdb,3.012056827545166,5.03125
6MHZ_G.pdb,6MHU_G.pdb,3.2694687843322754,5.09375
6TQN_S.pdb,6IB8_A.pdb,0.6174502968788147,2.921875
6TQO_S.pdb,6IB8_A.pdb,0.6749233603477478,2.953125
6GFL_A.pdb,6GFM_A.pdb,1.6927893161773682,3.203125
6GFL_B.pdb,6GFM_A.pdb,1.6017159223556519,3.4375
6KZA_C.pdb,6QEL_G.pdb,1.6432005167007446,5.0
6KZA_D.pdb,6QEL_G.pdb,1.7231221199035645,4.65625
6MHU_F.pdb,6MI7_F.pdb,1.332933783531189,4.5
6MHZ_F.pdb,6MI7_F.pdb,1.8919473886489868,4.8125
6MI8_F.pdb,6MI7_F.pdb,1.6019529104232788,4.75
6XAS_F.pdb,6WA8_A.pdb,0.9952740669250488,3.515625
6XAV_F.pdb,6WA8_A.pdb,1.011560082435608,3.53125
6XAV_E.pdb,6WA8_A.pdb,1.0368576049804688,3.484375
6XAS_E.pdb,6WA8_A.pdb,0.9950899481773376,3.40625
6XAV_D.pdb,6WA8_A.pdb,1.0347518920898438,3.453125
6LXT_D.pdb,6ZB5_C.pdb,2.7931227684020996,6.3125
6LXT_D.pdb,6ZB5_B.pdb,2.793168306350708,6.3125
6LXT_D.pdb,6ZB5_B.pdb,2.793168306350708,6.3125
6LXT_D.pdb,6ZB4_A.pdb,4.060678005218506,6.5
6LXT_D.pdb,6ZB4_C.pdb,3.315138339996338,6.375
7D4F_G.pdb,7JN2_A.pdb,6.552395820617676,6.1875
7D4F_G.pdb,7KOL_A.pdb,6.572770118713379,6.09375
7D4F_G.pdb,7CMD_C.pdb,6.316087245941162,6.1875
7D4F_G.pdb,7CMD_D.pdb,8.070802688598633,6.15625
7D4F_G.pdb,7CMD_B.pdb,4.871727466583252,6.28125
7KDT_B.pdb,6Z4U_B.pdb,0.6964057683944702,6.28125
6TYL_G.pdb,6M8H_A.pdb,2.2591450214385986,5.03125
6TYL_B.pdb,6M8H_A.pdb,1.5800637006759644,4.71875
6KS8_a.pdb,6KS6_A.pdb,8.048934936523438,3.890625
6KS8_a.pdb,6KS6_a.pdb,8.202134132385254,3.75
6KS8_A.pdb,6KS6_A.pdb,8.234526634216309,3.859375
6KS8_A.pdb,6KS6_a.pdb,8.386524200439453,3.8125
6KS7_A.pdb,6KS6_A.pdb,7.771908283233643,3.9375
6YMV_A.pdb,6YMW_A.pdb,1.454472541809082,2.78125
6V8P_A.pdb,6V93_A.pdb,0.44537392258644104,2.25
6X3S_B.pdb,6HUP_D.pdb,1.1961601972579956,2.71875
6X3S_B.pdb,6HUP_D.pdb,1.1961601972579956,2.71875
6X3S_B.pdb,6I53_A.pdb,1.0994797945022583,2.8125
6X3S_B.pdb,6I53_D.pdb,1.1181339025497437,2.84375
6NEW_A.pdb,6NF1_A.pdb,2.764888048171997,2.828125
6NEW_A.pdb,6NFA_A.pdb,1.9530960321426392,2.390625
6A32_A.pdb,6JOJ_A.pdb,0.4320942461490631,2.359375
6A32_A.pdb,6JOK_A.pdb,0.39229828119277954,2.453125
6LN8_A.pdb,7BT2_A.pdb,9.22157096862793,3.4375
6LLY_A.pdb,7BT2_A.pdb,8.986042976379395,3.359375
6LN9_A.pdb,7BT2_A.pdb,8.671591758728027,3.59375
6P4X_D.pdb,6PDT_D.pdb,2.2500269412994385,3.6875
6P4X_D.pdb,6PDT_B.pdb,2.257742404937744,3.6875
6P4X_D.pdb,6PDT_C.pdb,2.2577366828918457,3.6875
6P4X_D.pdb,6PDT_A.pdb,2.257744312286377,3.6875
6P4X_B.pdb,6PDT_D.pdb,2.154712438583374,3.796875
6ZIQ_C.pdb,6ZQM_C.pdb,0.8583253026008606,3.84375
6ZIQ_C.pdb,6Z1R_C.pdb,0.8863243460655212,3.84375
6ZIU_C.pdb,6ZQM_C.pdb,0.9314603209495544,4.03125
6ZIU_C.pdb,6Z1R_C.pdb,0.9487728476524353,4.0625
6ZIQ_C.pdb,6Z1U_B.pdb,1.4530417919158936,4.0
7C4J_H.pdb,6UXW_A.pdb,4.556384563446045,3.59375
5Z3L_O.pdb,5Z3U_O.pdb,3.601109743118286,4.8125
5Z3L_O.pdb,5Z3V_O.pdb,3.53714656829834,4.6875
5Z3L_O.pdb,6UXW_A.pdb,3.538623809814453,4.6875
7L68_A.pdb,7JUD_B.pdb,0.21866439282894135,2.390625
7L68_B.pdb,7JUD_B.pdb,0.2981662154197693,2.65625
7L68_A.pdb,7JUC_A.pdb,0.27583077549934387,2.390625
7L68_B.pdb,7JUC_A.pdb,0.29896941781044006,2.390625
6GOS_1.pdb,6GRG_2.pdb,14.384279251098633,3.140625
6GRI_1.pdb,6GRG_2.pdb,14.065475463867188,3.265625
6Y5B_A.pdb,6Y1Z_C.pdb,1.296168327331543,3.328125
6Y5B_A.pdb,6Y1Z_E.pdb,1.2961839437484741,3.328125
6Y5B_A.pdb,6Y1Z_B.pdb,1.2961727380752563,3.328125
6Y5B_A.pdb,6Y1Z_A.pdb,1.2961699962615967,3.328125
6Y5B_A.pdb,6Y1Z_D.pdb,1.2961748838424683,3.328125
6WGF_3.pdb,6U0M_3.pdb,7.833609104156494,4.34375
6WGG_3.pdb,6U0M_3.pdb,7.839232444763184,4.375
6WJF_A.pdb,6BYR_A.pdb,2.8329501152038574,4.3125
6Z5N_A.pdb,6BYR_C.pdb,2.3027422428131104,5.59375
6WJF_A.pdb,6BYR_C.pdb,2.6496894359588623,4.34375
6Z5N_A.pdb,6BYR_A.pdb,1.9010957479476929,5.4375
6WJG_B.pdb,6BYR_A.pdb,2.3115310668945312,4.34375
6OAA_D.pdb,6OA9_A.pdb,7.780561923980713,4.71875
6OAA_D.pdb,6OA9_F.pdb,7.789811611175537,4.6875
6OAA_D.pdb,6OA9_E.pdb,7.371831893920898,4.71875
6OAA_D.pdb,6OA9_E.pdb,7.371831893920898,4.71875
6OAA_D.pdb,6OA9_D.pdb,6.215630531311035,4.59375
6FWR_A.pdb,6FWS_A.pdb,3.6978116035461426,2.59375
6FWR_A.pdb,6FWS_B.pdb,4.130028247833252,2.453125
6HUG_B.pdb,7A5V_A.pdb,1.0340627431869507,2.625
6HUK_B.pdb,7A5V_A.pdb,1.0224920511245728,2.65625
6HUG_E.pdb,7A5V_A.pdb,1.0758246183395386,2.484375
6HUJ_B.pdb,7A5V_A.pdb,0.9090936183929443,2.546875
6PTJ_2.pdb,6U0M_2.pdb,1.7388873100280762,4.375
6MU2_B.pdb,6MU1_D.pdb,1.9199271202087402,5.125
6MU2_A.pdb,6MU1_D.pdb,1.919925332069397,5.125
6MU2_C.pdb,6MU1_D.pdb,1.9199272394180298,5.125
6MU2_D.pdb,6MU1_D.pdb,1.9199297428131104,5.125
6MU2_B.pdb,6MU1_C.pdb,1.9199119806289673,5.125
7CUN_P.pdb,6IUR_B.pdb,2.0475871562957764,4.15625
6IUR_E.pdb,6NTS_A.pdb,3.5138001441955566,3.828125
7CUN_P.pdb,6IUR_F.pdb,2.1517438888549805,4.1875
7CUN_P.pdb,6IUR_F.pdb,2.1517438888549805,4.1875
7CUN_P.pdb,6IUR_F.pdb,2.1517438888549805,4.1875
6Z89_C.pdb,6Z85_G.pdb,0.5934814214706421,2.796875
6Z89_C.pdb,6Z85_A.pdb,0.5934661030769348,2.796875
6Z89_C.pdb,6Z85_B.pdb,0.593481183052063,2.796875
6Z89_C.pdb,6Z85_F.pdb,0.5934885144233704,2.796875
6Z89_C.pdb,6Z85_I.pdb,0.5934858918190002,2.796875
6OSA_R.pdb,6UP7_R.pdb,0.7446391582489014,3.578125
6O0D_A.pdb,6O0F_B.pdb,0.6915163397789001,2.046875
6O0D_A.pdb,6O0E_B.pdb,0.7169726490974426,2.109375
6O0D_B.pdb,6O0E_A.pdb,0.5370741486549377,2.25
6O0D_B.pdb,6O0F_A.pdb,0.5566402673721313,2.078125
6XBW_A.pdb,7KHR_C.pdb,1.1708006858825684,2.78125
6XBY_B.pdb,7KHR_C.pdb,1.1821902990341187,2.9375
7KHR_A.pdb,6XBW_C.pdb,1.1413111686706543,2.921875
6XBW_A.pdb,6XBW_C.pdb,1.0875489711761475,2.578125
6XBY_B.pdb,6XBW_C.pdb,1.1271908283233643,2.765625
7KHR_D.pdb,6XBY_D.pdb,2.1907830238342285,2.828125
6XBW_D.pdb,6XBY_D.pdb,2.1221721172332764,2.765625
6XBY_E.pdb,6XBY_D.pdb,2.100752115249634,3.046875
6AHF_B.pdb,6N8Z_C.pdb,6.249356269836426,5.625
6AHF_B.pdb,6N8Z_C.pdb,6.249356269836426,5.625
6AHF_B.pdb,6N8Z_E.pdb,6.402693748474121,5.59375
6AHF_B.pdb,6N8Z_E.pdb,6.402693748474121,5.59375
6AHF_B.pdb,6N8Z_E.pdb,6.402693748474121,5.59375
6T5F_C.pdb,6SLV_A.pdb,0.6271933913230896,2.75
6T5F_C.pdb,6HKB_A.pdb,0.7134032249450684,2.71875
6T5F_C.pdb,6HHP_A.pdb,0.7534403800964355,2.65625
6T5F_C.pdb,6YPL_A.pdb,0.6162731647491455,2.765625
6T5F_C.pdb,6HMT_A.pdb,0.7528297305107117,2.703125
6V92_R.pdb,6VZ4_K.pdb,2.7164368629455566,6.28125
6KW5_P.pdb,6VZ4_K.pdb,2.182029962539673,4.59375
6KW3_W.pdb,6VZ4_K.pdb,2.1342999935150146,4.625
7KY6_A.pdb,7KYB_A.pdb,0.7572324275970459,2.296875
6SH5_D.pdb,6SH3_E.pdb,4.871777534484863,1.78125
6SH5_E.pdb,6SH3_E.pdb,4.871779441833496,1.78125
6SH5_D.pdb,6SH3_C.pdb,4.871783256530762,1.78125
6SH5_B.pdb,6SH3_E.pdb,4.871783256530762,1.78125
6SH5_D.pdb,6SH3_G.pdb,4.871769428253174,1.78125
6UGE_A.pdb,6UGF_F.pdb,1.8261185884475708,3.875
6UGF_A.pdb,6UGF_F.pdb,2.1608123779296875,4.09375
6UGE_A.pdb,6UGD_B.pdb,2.5916552543640137,3.90625
6UGF_A.pdb,6UGD_B.pdb,2.918884515762329,3.953125
6UGE_A.pdb,6UGD_F.pdb,1.8386344909667969,3.828125
6WB9_3.pdb,7KRA_C.pdb,1.9912190437316895,4.15625
7KSM_C.pdb,7KSM_A.pdb,4.697390556335449,3.296875
7KSM_C.pdb,7KSM_E.pdb,4.275320053100586,2.640625
7KSM_C.pdb,7NFY_E.pdb,4.264442443847656,3.609375
7KSM_C.pdb,7KSL_A.pdb,3.7902917861938477,2.96875
7KSM_C.pdb,7KSL_F.pdb,3.909569501876831,3.109375
6WLZ_B.pdb,6WLZ_C.pdb,1.6098824739456177,2.40625
6WM2_B.pdb,6WLZ_C.pdb,1.6247988939285278,2.421875
6WLZ_B.pdb,6WM3_B.pdb,1.622726559638977,2.53125
6WLZ_B.pdb,6WM2_C.pdb,1.6046639680862427,2.421875
6WM2_B.pdb,6WM3_B.pdb,1.6355421543121338,2.546875
6KRD_B.pdb,6KS6_b.pdb,15.761195182800293,4.09375
6KS7_B.pdb,6KS6_b.pdb,15.749687194824219,4.09375
6KRD_B.pdb,6KS6_B.pdb,15.700298309326172,4.03125
6KS7_B.pdb,6KS6_B.pdb,15.684118270874023,4.09375
6KRE_B.pdb,6KS6_b.pdb,15.679195404052734,4.03125
6KS7_G.pdb,6KS6_G.pdb,4.5801920890808105,3.65625
6KS7_G.pdb,6KS6_g.pdb,4.56770133972168,3.484375
6KS8_g.pdb,6KS6_g.pdb,3.3286337852478027,3.53125
6KS7_D.pdb,6KS6_D.pdb,4.833514213562012,3.65625
6KS7_D.pdb,6KS6_d.pdb,4.816279888153076,3.640625
6KS8_d.pdb,6KS6_D.pdb,4.3601603507995605,3.578125
6KS8_d.pdb,6KS6_d.pdb,4.379419803619385,3.625
6KS7_d.pdb,6KS6_D.pdb,4.513744831085205,3.640625
6KS8_z.pdb,6KS6_Z.pdb,2.3928420543670654,3.640625
6KS8_z.pdb,6KS6_z.pdb,2.673093557357788,3.546875
6KRD_Z.pdb,6KS6_Z.pdb,2.250351667404175,3.75
6KRD_z.pdb,6KS6_z.pdb,2.692683458328247,3.71875
6KS7_z.pdb,6KS6_z.pdb,2.7426745891571045,3.703125
6PSX_A.pdb,6ROH_A.pdb,3.377610206604004,3.75
6PSX_A.pdb,6ROJ_A.pdb,4.250159740447998,3.6875
6PSX_A.pdb,6ROI_A.pdb,3.659951686859131,3.8125
6PSY_A.pdb,6ROI_A.pdb,1.496991515159607,3.4375
6PSY_A.pdb,6ROJ_A.pdb,2.075063467025757,3.40625
6R6H_V.pdb,6HR2_B.pdb,2.5459518432617188,4.59375
6R6H_V.pdb,6HR2_F.pdb,2.6444621086120605,4.625
6R6H_V.pdb,6HAX_F.pdb,2.2634832859039307,4.59375
6R6H_V.pdb,6HAY_B.pdb,2.26254940032959,4.53125
6R6H_V.pdb,6HAX_B.pdb,2.365766763687134,4.5625
6KS7_E.pdb,6KS6_E.pdb,2.8526151180267334,3.984375
6KS8_e.pdb,6KS6_E.pdb,2.6116833686828613,3.65625
6KS7_E.pdb,6KS6_e.pdb,2.865067958831787,3.890625
6KS8_e.pdb,6KS6_e.pdb,2.4979705810546875,3.59375
6KRE_E.pdb,6KS6_e.pdb,2.9063100814819336,3.703125
6TLC_A.pdb,6NJS_A.pdb,1.3906258344650269,2.8125
6JFZ_B.pdb,6JMV_A.pdb,3.1043643951416016,3.765625
6JFZ_B.pdb,6JMV_B.pdb,2.7987728118896484,3.65625
6JFZ_A.pdb,6JMV_A.pdb,2.7017176151275635,4.0
6L6F_B.pdb,6JMV_A.pdb,2.685410261154175,4.03125
6JFZ_C.pdb,6JMV_A.pdb,2.803311347961426,3.90625
7BZD_A.pdb,7BZG_B.pdb,0.738853394985199,3.359375
7BZD_A.pdb,7BZG_E.pdb,0.6943637132644653,3.3125
7BZD_A.pdb,7BZG_F.pdb,0.7159827947616577,3.375
7BZD_A.pdb,7BZG_J.pdb,0.7149203419685364,3.515625
7BZD_A.pdb,7BZG_I.pdb,0.7353203296661377,3.203125
6KRE_H.pdb,6KS6_H.pdb,9.342450141906738,3.921875
6KS7_h.pdb,6KS6_h.pdb,9.587615013122559,3.65625
6KRE_H.pdb,6KS6_h.pdb,9.336484909057617,3.765625
6KRD_h.pdb,6KS6_H.pdb,3.176380157470703,3.90625
6KRD_H.pdb,6KS6_H.pdb,3.373094320297241,3.828125
6U00_A.pdb,6U03_A.pdb,0.47829070687294006,2.890625
6U00_A.pdb,6TZM_A.pdb,0.5106269121170044,2.734375
6U00_A.pdb,6TZO_A.pdb,0.42663702368736267,2.765625
6X18_R.pdb,7C2E_R.pdb,2.3228087425231934,4.28125
6X18_R.pdb,6X1A_R.pdb,1.924773931503296,3.75
6X18_R.pdb,7LCI_R.pdb,1.2803013324737549,3.5625
6X18_R.pdb,7LCK_R.pdb,2.1631202697753906,3.78125
6X18_R.pdb,7LCJ_R.pdb,2.134960174560547,3.875
6PK5_F.pdb,6PSP_E.pdb,0.8807843327522278,2.921875
6PK5_F.pdb,6PSP_A.pdb,0.9893172383308411,2.9375
6PK5_F.pdb,6PSP_B.pdb,1.0175633430480957,3.03125
6PK5_F.pdb,6PSP_D.pdb,0.9698725938796997,3.125
6PK5_F.pdb,6PSP_F.pdb,0.8108976483345032,3.0625
6KS7_Q.pdb,6KS6_q.pdb,2.1021621227264404,3.734375
6KRD_Q.pdb,6KS6_q.pdb,2.0479962825775146,3.6875
6KS8_Q.pdb,6KS6_Q.pdb,2.2166404724121094,3.71875
6KS7_Q.pdb,6KS6_Q.pdb,2.1656267642974854,3.75
6KRD_Q.pdb,6KS6_Q.pdb,2.1289587020874023,3.765625
6O9L_8.pdb,7B5Q_J.pdb,1.6253150701522827,4.0625
6O9L_8.pdb,7B5O_J.pdb,1.6030149459838867,4.03125
7LUM_B.pdb,6QB8_Q.pdb,1.6788626909255981,4.0
7LUM_B.pdb,6QB8_q.pdb,1.6788643598556519,4.0
7LUM_J.pdb,6QB8_Q.pdb,1.6786690950393677,4.0
7LUM_J.pdb,6QB8_q.pdb,1.6786699295043945,4.0
7LUP_B.pdb,6QB8_Q.pdb,1.8591748476028442,4.15625
6UZZ_C.pdb,6V01_G.pdb,2.737509250640869,4.03125
6UZZ_C.pdb,6V01_A.pdb,2.737513780593872,4.03125
6UZZ_C.pdb,6V01_D.pdb,2.737494945526123,4.03125
6UZZ_G.pdb,6V01_G.pdb,2.7375080585479736,4.03125
6UZZ_G.pdb,6V01_A.pdb,2.7375125885009766,4.03125
6IIA_F.pdb,6IIA_E.pdb,2.643249988555908,3.25
6IIA_F.pdb,6IIA_B.pdb,2.586682081222534,3.21875
6IIA_C.pdb,6IIA_E.pdb,2.608309268951416,3.3125
6IIA_C.pdb,6IIA_B.pdb,2.5539281368255615,3.265625
6IOL_E.pdb,6IIA_E.pdb,2.5836901664733887,3.5
6OO2_F.pdb,6NDY_B.pdb,3.678598165512085,3.640625
6OO2_F.pdb,6OO2_B.pdb,3.6785929203033447,3.640625
6OO2_F.pdb,6NDY_C.pdb,3.6639628410339355,3.625
6OO2_F.pdb,6OO2_C.pdb,3.663951873779297,3.625
6OO2_F.pdb,6NDY_D.pdb,3.6733689308166504,3.6875
6UIA_C.pdb,6O0H_B.pdb,3.8018910884857178,3.328125
6UIA_C.pdb,6O0H_B.pdb,3.8018910884857178,3.328125
6UIA_C.pdb,6O0H_C.pdb,3.7987821102142334,3.328125
6UIA_C.pdb,6O0H_C.pdb,3.7987821102142334,3.328125
6UIA_C.pdb,6O0H_D.pdb,3.8066937923431396,3.328125
7JJ0_D.pdb,7JFP_B.pdb,0.8588956594467163,2.6875
7DA5_A.pdb,6LZ0_A.pdb,3.8994991779327393,3.53125
7DA5_A.pdb,7CKR_A.pdb,3.9099597930908203,3.671875
7DA5_A.pdb,6LYY_A.pdb,3.718411684036255,3.671875
6O8H_A.pdb,6O8E_A.pdb,1.154380440711975,2.578125
6O8F_B.pdb,6O8G_A.pdb,0.7488927841186523,2.546875
6O8F_A.pdb,6O8G_A.pdb,0.8263024091720581,2.53125
6O8F_B.pdb,6O8G_C.pdb,0.8443461060523987,2.59375
6O8F_A.pdb,6O8G_C.pdb,0.8393358588218689,2.5
6Z1D_A.pdb,6Z1F_1.pdb,1.3841534852981567,3.5
6Z1E_A.pdb,6Z1F_1.pdb,1.3161427974700928,3.390625
6YYS_C.pdb,6VVS_C.pdb,1.459519624710083,3.03125
6YXU_C.pdb,6VVS_C.pdb,1.168068289756775,3.046875
6ICT_E.pdb,6NBW_A.pdb,0.8450841307640076,6.3125
6ICT_E.pdb,6NBW_A.pdb,0.8450841307640076,6.3125
6OX3_Z.pdb,6NBW_A.pdb,0.9810962080955505,6.15625
6OX3_Z.pdb,6NBW_A.pdb,0.9810962080955505,6.15625
6ICT_H.pdb,6NBW_A.pdb,1.078661322593689,6.25
6IXV_F.pdb,6IY1_A.pdb,1.4931997060775757,4.1875
6IXV_F.pdb,6IY1_B.pdb,1.338156819343567,4.25
6IXV_F.pdb,6IY1_C.pdb,1.4054176807403564,4.15625
6IXV_E.pdb,6IY1_A.pdb,1.511940360069275,4.15625
6IXV_E.pdb,6IY1_B.pdb,1.1479284763336182,4.21875
5Z23_F.pdb,6Y5E_F.pdb,0.41574612259864807,3.09375
6T7D_F.pdb,6Y5E_F.pdb,0.6221261620521545,3.796875
6SE6_F.pdb,6Y5E_F.pdb,0.613385021686554,3.53125
7D20_F.pdb,6Y5E_F.pdb,0.462479829788208,3.328125
6MUP_F.pdb,6Y5E_F.pdb,0.7027677297592163,3.890625
6NI3_A.pdb,6EG8_K.pdb,1.8443753719329834,4.15625
6NI3_A.pdb,6EG8_L.pdb,2.2525794506073,4.125
6NI3_A.pdb,6EG8_J.pdb,1.7366750240325928,4.09375
6NI3_A.pdb,6EG8_I.pdb,1.8137456178665161,4.125
6WZG_A.pdb,6EG8_K.pdb,1.1295899152755737,3.59375
7L0S_A.pdb,6CRK_A.pdb,13.80562973022461,3.46875
7L0Q_A.pdb,6CRK_A.pdb,13.808104515075684,3.515625
6PT0_A.pdb,6CRK_A.pdb,13.258709907531738,4.5625
6OT0_A.pdb,6CRK_A.pdb,12.151151657104492,4.625
6VU8_B.pdb,6CRK_A.pdb,1.3709102869033813,5.0
6KN7_V.pdb,7JGI_A.pdb,4.765714645385742,5.53125
6KN7_c.pdb,7JGI_A.pdb,4.27832555770874,5.46875
6KN7_c.pdb,6MV3_A.pdb,4.890679836273193,5.0625
6KN7_V.pdb,6MV3_A.pdb,5.014459133148193,5.21875
6KN8_V.pdb,7JGI_A.pdb,1.9263297319412231,4.5
6XGZ_G.pdb,7CGN_B.pdb,1.7865898609161377,4.1875
6XGZ_G.pdb,7CGN_E.pdb,1.7974321842193604,4.1875
6XGZ_G.pdb,7CH0_E.pdb,0.9002871513366699,3.640625
6XGZ_G.pdb,7CH0_B.pdb,0.8983506560325623,3.65625
7CGE_B.pdb,7CH0_B.pdb,1.3992637395858765,3.515625
6HTS_I.pdb,6YOV_A.pdb,0.425311416387558,3.453125
6HTS_I.pdb,6YOV_A.pdb,0.425311416387558,3.453125
6HTS_I.pdb,6IQ4_A.pdb,0.3313731551170349,3.125
6HTS_I.pdb,6T90_A.pdb,0.41993340849876404,3.234375
6HTS_I.pdb,6T90_A.pdb,0.41993340849876404,3.234375
6HK5_E.pdb,6HK5_D.pdb,3.1511330604553223,4.25
6HK5_G.pdb,6HK5_D.pdb,1.871145486831665,3.421875
6Q6J_A.pdb,6HYJ_B.pdb,0.34829264879226685,2.578125
6Q6J_A.pdb,6HYJ_B.pdb,0.34829264879226685,2.578125
6HYY_B.pdb,6HYJ_A.pdb,0.3817054033279419,2.5625
6Q6J_A.pdb,6Q6J_B.pdb,0.319626122713089,2.453125
6HYY_B.pdb,6HYY_A.pdb,0.3948878049850464,2.578125
7K19_A.pdb,6ZHE_F.pdb,2.6703906059265137,4.75
7K19_A.pdb,6ZHE_F.pdb,2.6703906059265137,4.75
7K0Y_A.pdb,6ZHE_F.pdb,4.980282306671143,4.8125
7K0Y_A.pdb,6ZHE_F.pdb,4.980282306671143,4.8125
7K0Y_A.pdb,6ZHE_A.pdb,4.870120525360107,4.875
5ZX2_D.pdb,6M7J_D.pdb,2.2873830795288086,3.390625
6TYF_D.pdb,6M7J_D.pdb,2.1191048622131348,3.625
6TYG_D.pdb,6M7J_D.pdb,2.1145923137664795,3.5625
6TYE_D.pdb,6M7J_D.pdb,2.110565185546875,3.5625
6KOO_D.pdb,6M7J_D.pdb,2.2568910121917725,3.390625
5ZX2_C.pdb,6VVY_C.pdb,1.5004637241363525,2.859375
6A2R_D.pdb,6A2T_A.pdb,1.4583425521850586,3.453125
6A2R_F.pdb,6A2T_A.pdb,1.462201714515686,3.40625
6A2R_E.pdb,6A2T_A.pdb,1.4607874155044556,3.46875
6A2R_A.pdb,6A2T_A.pdb,1.428297519683838,3.46875
6A2S_G.pdb,6A2T_A.pdb,1.6344635486602783,3.1875
7AGS_B.pdb,7AGU_A.pdb,0.4152916669845581,1.640625
7AGS_B.pdb,7AGS_A.pdb,0.3347424268722534,1.3125
6X2X_D.pdb,7B3M_B.pdb,1.7097742557525635,6.375
6X2P_D.pdb,7B3M_B.pdb,1.7173516750335693,6.53125
6X2X_D.pdb,6V2V_B.pdb,1.932214379310608,6.46875
6X2P_D.pdb,6V2V_B.pdb,0.2494196742773056,6.40625
6X2X_D.pdb,6PP9_B.pdb,1.8925858736038208,6.59375
6MK7_A.pdb,6HE6_A.pdb,0.7943927049636841,3.921875
6Y23_B.pdb,7BCM_A.pdb,0.7285841703414917,2.71875
6Y23_C.pdb,6FIL_A.pdb,0.8065786957740784,2.890625
6Y23_A.pdb,6HP9_B.pdb,0.7409711480140686,2.5625
6Y23_A.pdb,7BE6_A.pdb,0.9396952390670776,2.625
6Y23_C.pdb,7BCM_A.pdb,0.7207444310188293,2.671875
6PZC_H.pdb,6PZI_G.pdb,1.2530938386917114,4.125
6VOA_A.pdb,6VBV_3.pdb,2.32729172706604,5.0625
6P3J_B.pdb,6P3H_C.pdb,2.084298610687256,2.015625
6P3J_B.pdb,6P3H_B.pdb,2.1019575595855713,1.9453125
6P3J_B.pdb,6P3H_A.pdb,1.993364930152893,1.9375
6I27_A.pdb,6HYP_A.pdb,5.113357067108154,1.2421875
6I27_A.pdb,6HYP_A.pdb,5.113357067108154,1.2421875
6I26_A.pdb,6HYP_A.pdb,0.6967294216156006,0.80859375
6I26_A.pdb,6HYP_A.pdb,0.6967294216156006,0.80859375
7AB0_A.pdb,7AAY_A.pdb,0.6435350775718689,2.578125
6WBP_B.pdb,6UPA_B.pdb,5.757270336151123,6.03125
6W66_C.pdb,6FFM_A.pdb,0.6626942753791809,3.359375
6WCQ_C.pdb,6FFM_A.pdb,0.6785768270492554,3.296875
6ICZ_Y.pdb,6HYS_C.pdb,1.238346815109253,3.203125
6ICZ_Y.pdb,6HYT_B.pdb,1.320721983909607,3.21875
6ICZ_Y.pdb,6HYT_C.pdb,1.2470859289169312,3.265625
7ADP_B.pdb,6Y4L_A.pdb,3.4822821617126465,3.828125
7ADO_B.pdb,6Y4L_A.pdb,3.4297173023223877,3.8125
6WW7_B.pdb,6Y4L_A.pdb,3.944671869277954,3.5
6Z3W_B.pdb,6Y4L_A.pdb,3.742680311203003,4.8125
6RVX_B.pdb,6MPB_B.pdb,11.386488914489746,4.21875
6RVX_A.pdb,6MPB_B.pdb,11.386512756347656,4.21875
6RVX_C.pdb,6MPB_B.pdb,11.38649845123291,4.21875
6RVX_B.pdb,6MPB_A.pdb,11.38647747039795,4.21875
6RVX_B.pdb,6MPB_C.pdb,11.386465072631836,4.21875
7AQB_A.pdb,6YKY_A.pdb,0.41671016812324524,2.71875
7AQB_A.pdb,6YLC_A.pdb,0.46324339509010315,2.796875
7AQB_A.pdb,6YLC_B.pdb,0.5690866112709045,2.5625
6HNK_A.pdb,6HNI_A.pdb,3.4845452308654785,2.40625
6OPB_D.pdb,6OGH_A.pdb,0.6396319270133972,2.90625
6OPB_H.pdb,6OGH_A.pdb,0.6724932789802551,2.828125
6OPB_D.pdb,6NBN_A.pdb,1.0414401292800903,3.609375
6OPB_H.pdb,6NBN_A.pdb,1.2069872617721558,3.625
6OPB_A.pdb,6OGH_A.pdb,0.6951431632041931,2.75
6O1Z_A.pdb,6O1Y_A.pdb,1.142197608947754,2.625
6ZYY_Y.pdb,6ZYX_Y.pdb,0.4623151421546936,6.4375
7KGE_C.pdb,7KGI_C.pdb,3.1394460201263428,2.953125
7KGE_C.pdb,7KGI_C.pdb,3.1394460201263428,2.953125
7KGE_C.pdb,7KGH_C.pdb,3.0743489265441895,3.015625
7KGE_C.pdb,7KGH_C.pdb,3.0743489265441895,3.015625
7KGF_B.pdb,7KGI_C.pdb,3.0017707347869873,3.140625
6Q26_B.pdb,6Q27_C.pdb,2.3826520442962646,2.390625
6Q26_B.pdb,6Q27_A.pdb,2.2672669887542725,2.359375
6Q26_B.pdb,6Q27_D.pdb,2.2096824645996094,2.34375
6Q26_B.pdb,6Q27_B.pdb,2.1878867149353027,2.34375
6Q26_C.pdb,6Q27_C.pdb,2.1196556091308594,2.46875
6VQU_A.pdb,6PAQ_A.pdb,3.8143887519836426,3.96875
6VQU_B.pdb,6PAQ_A.pdb,3.8143954277038574,3.96875
6VQU_A.pdb,6PAQ_B.pdb,3.4490153789520264,3.890625
6VQU_B.pdb,6PAQ_B.pdb,3.4467315673828125,3.890625
6VQU_A.pdb,6PAO_B.pdb,3.758061647415161,3.6875
6LBQ_A.pdb,6LA5_A.pdb,1.7945226430892944,3.0
6LBO_A.pdb,6LA5_A.pdb,1.7945226430892944,3.0
6LAP_A.pdb,6LA5_A.pdb,1.7945226430892944,3.0
6LB1_A.pdb,6LA5_A.pdb,1.8017587661743164,3.03125
6LBQ_A.pdb,6LA3_A.pdb,1.666642427444458,2.875
6Q8F_B.pdb,6Q8J_A.pdb,1.869809627532959,2.75
6Q8F_B.pdb,6Q8J_A.pdb,1.869809627532959,2.75
6Q8I_N.pdb,6Q8J_A.pdb,2.9070870876312256,3.09375
6Q8I_N.pdb,6Q8J_A.pdb,2.9070870876312256,3.09375
6Q8I_A.pdb,6Q8J_A.pdb,1.8817474842071533,3.046875
6P4L_A.pdb,6P4K_B.pdb,0.9352676272392273,3.125
6P4L_A.pdb,6P4K_B.pdb,0.9352676272392273,3.125
6P4L_B.pdb,6P4J_A.pdb,1.0004996061325073,3.0625
6P4L_B.pdb,6P4J_A.pdb,1.0004996061325073,3.0625
6P4L_B.pdb,6P4K_A.pdb,1.0302338600158691,3.125
6TMV_M.pdb,6TMU_A.pdb,3.675870895385742,2.3125
6TMV_F.pdb,6TMU_A.pdb,3.6755406856536865,2.3125
6TMV_B.pdb,6TMU_A.pdb,3.600355863571167,2.34375
6TMV_I.pdb,6TMU_A.pdb,3.6002681255340576,2.34375
6TMV_K.pdb,6TMU_A.pdb,3.653143882751465,2.34375
5ZE7_B.pdb,5ZFK_A.pdb,1.7559767961502075,2.203125
5ZES_B.pdb,5ZFK_A.pdb,1.4614105224609375,2.34375
5ZE7_B.pdb,5ZER_B.pdb,1.4956367015838623,2.75
5ZES_B.pdb,5ZER_B.pdb,1.0911738872528076,2.859375
5ZE7_A.pdb,5ZFK_B.pdb,1.191681981086731,2.265625
6J5V_A.pdb,6J5W_A.pdb,1.2799781560897827,3.90625
6J5U_A.pdb,6J5W_A.pdb,1.2583093643188477,3.6875
6OLK_E.pdb,6OJZ_D.pdb,1.3855668306350708,2.46875
6OLK_C.pdb,6OJZ_D.pdb,1.3817468881607056,2.515625
6OLK_A.pdb,6OJZ_D.pdb,1.3845105171203613,2.484375
6OLL_F.pdb,6OJZ_D.pdb,0.9609405398368835,2.671875
6OLL_C.pdb,6OJZ_D.pdb,0.9628954529762268,2.59375
6EBY_B.pdb,6EA3_B.pdb,0.5095964074134827,3.671875
6EBY_D.pdb,6EA3_B.pdb,0.4912393093109131,3.703125
6EN8_D.pdb,6EN8_F.pdb,3.6248912811279297,3.25
6EN8_B.pdb,6EN8_F.pdb,2.4150519371032715,3.1875
6EN8_B.pdb,6EN8_E.pdb,2.324890375137329,3.375
6DZ7_A.pdb,6E1O_B.pdb,2.093374729156494,4.25
6DZ7_B.pdb,6E1O_B.pdb,2.093385934829712,4.25
6DZ7_A.pdb,6E1O_A.pdb,2.0966408252716064,4.25
6DZ7_B.pdb,6E1O_A.pdb,2.096651077270508,4.25
6TN3_A.pdb,6TN3_B.pdb,0.7293727397918701,2.40625
6G9V_A.pdb,6TN3_B.pdb,0.8178074359893799,2.265625
6TN3_A.pdb,6G9V_B.pdb,0.7603894472122192,2.484375
6G9V_A.pdb,6G9V_B.pdb,0.7629610300064087,2.0625
7C69_B.pdb,7C6I_B.pdb,2.072659492492676,2.390625
7C69_B.pdb,7C70_A.pdb,2.016998529434204,2.328125
7C69_B.pdb,7C6H_B.pdb,1.9614243507385254,2.265625
7C69_B.pdb,7C6G_A.pdb,1.951464056968689,2.296875
7C6X_J.pdb,7C6N_A.pdb,1.9288418292999268,2.015625
6GVU_B.pdb,6GVT_B.pdb,2.8485538959503174,4.21875
6GVU_B.pdb,6GVT_B.pdb,2.8485538959503174,4.21875
6GT7_A.pdb,6GVT_B.pdb,3.17136812210083,4.1875
6GT7_A.pdb,6GVT_B.pdb,3.17136812210083,4.1875
6JZQ_E.pdb,6JZU_A.pdb,1.0121837854385376,3.046875
6JZQ_E.pdb,6JZY_A.pdb,1.0977692604064941,3.0
6JZQ_E.pdb,6JZY_A.pdb,1.0977692604064941,3.0
6JZQ_A.pdb,6JZY_A.pdb,0.8783882856369019,2.8125
6JZQ_A.pdb,6JZY_A.pdb,0.8783882856369019,2.8125
6R10_B.pdb,6QUM_A.pdb,1.8532450199127197,3.1875
6R10_B.pdb,6QUM_A.pdb,1.8532450199127197,3.1875
6LY8_B.pdb,6QUM_A.pdb,1.8420027494430542,3.046875
6LY8_B.pdb,6QUM_A.pdb,1.8420027494430542,3.046875
6R10_B.pdb,6R10_A.pdb,1.9082597494125366,3.375
6LY8_D.pdb,6R0Y_D.pdb,2.2262234687805176,3.34375
6LY8_D.pdb,6R10_F.pdb,2.254319667816162,3.296875
6LY8_D.pdb,6R0W_E.pdb,2.1851422786712646,3.09375
6R0Y_E.pdb,6R10_F.pdb,2.1463847160339355,3.296875
6R10_D.pdb,6R10_F.pdb,2.1362013816833496,3.328125
6JL8_A.pdb,6JIG_A.pdb,2.2605276107788086,2.265625
6JL8_A.pdb,6JIG_A.pdb,2.2605276107788086,2.265625
6JL8_B.pdb,6LK4_A.pdb,1.784292459487915,2.28125
6JL8_A.pdb,6LK4_A.pdb,1.404111385345459,2.25
6NEI_A.pdb,6NEJ_B.pdb,1.5714343786239624,2.546875
6NEI_B.pdb,6NEJ_B.pdb,2.2124884128570557,2.640625
6NEI_B.pdb,6NEJ_A.pdb,2.1279377937316895,2.6875
6NEI_B.pdb,6NEH_A.pdb,1.955177664756775,2.625
6NEI_B.pdb,6NEH_B.pdb,1.9120465517044067,2.609375
6XWO_A.pdb,6ZGB_B.pdb,11.173093795776367,3.40625
6XWO_A.pdb,6ZGB_A.pdb,11.211812973022461,3.390625
6XWO_B.pdb,6ZGB_B.pdb,11.165182113647461,3.46875
6XWO_B.pdb,6ZGB_A.pdb,11.166373252868652,3.5
6XWO_A.pdb,6ZLH_A.pdb,11.170838356018066,3.375
6XR4_B.pdb,6OJE_B.pdb,0.0,4.625
6XR4_A.pdb,6OJE_B.pdb,0.0,4.625
6XR4_B.pdb,6OJF_A.pdb,0.0,4.625
6XR4_A.pdb,6OJF_A.pdb,0.0,4.625
6XR4_B.pdb,6OJF_B.pdb,0.0,4.59375
6S2V_A.pdb,6S2U_A.pdb,3.8810601234436035,2.765625
6S2V_A.pdb,6S2T_A.pdb,3.120274782180786,2.875
6S2V_C.pdb,6S2U_A.pdb,2.1574769020080566,3.234375
6S2V_B.pdb,6S2U_A.pdb,3.0007009506225586,3.5625
6QCS_B.pdb,6QCV_B.pdb,0.5510683059692383,2.578125
6QCT_B.pdb,6QCV_B.pdb,0.6886383295059204,2.671875
6T0W_B.pdb,6QCV_B.pdb,0.9482278823852539,2.796875
7LCY_B.pdb,7LCZ_A.pdb,1.0927050113677979,3.125
7LCY_B.pdb,7LCZ_B.pdb,1.0724515914916992,3.140625
6SNB_A.pdb,6SNW_A.pdb,1.481238603591919,3.5
6SNB_A.pdb,6SMG_A.pdb,1.4186530113220215,3.203125
6S0T_B.pdb,7CL6_A.pdb,0.23902171850204468,1.6484375
6S0T_B.pdb,7CL6_F.pdb,0.280824214220047,1.703125
6S0T_B.pdb,7CL5_D.pdb,0.24058429896831512,1.6484375
6S0T_B.pdb,7CL3_F.pdb,0.24698835611343384,1.6015625
6S0T_B.pdb,7CL6_E.pdb,0.24779939651489258,1.5625
6HQ3_A.pdb,6HQ5_A.pdb,3.0052599906921387,3.03125
6HQ3_A.pdb,6HQ7_A.pdb,2.4615161418914795,3.015625
6HQ2_A.pdb,6HQ7_A.pdb,1.4605814218521118,3.15625
6HQ3_A.pdb,6HQ4_A.pdb,2.569476366043091,2.984375
6HQ3_C.pdb,6HQ5_A.pdb,2.5248677730560303,2.96875
6O0V_A.pdb,6O0Q_B.pdb,0.36953508853912354,2.609375
6O0V_A.pdb,6O0Q_A.pdb,0.3587316572666168,2.671875
6O0U_A.pdb,6ZFX_E.pdb,0.7594133019447327,3.75
6O0U_A.pdb,6ZFX_E.pdb,0.7594133019447327,3.75
6O0U_A.pdb,6ZFX_D.pdb,0.7594422698020935,3.75
6RAJ_B.pdb,6RAF_B.pdb,1.345840334892273,3.59375
6RAJ_B.pdb,6RAG_B.pdb,2.2841689586639404,3.890625
6RAN_B.pdb,6RAH_B.pdb,1.762435793876648,3.578125
6RAN_B.pdb,6RAK_B.pdb,1.8224647045135498,3.53125
6RAN_B.pdb,6RAI_B.pdb,1.7469744682312012,3.53125
6RAN_A.pdb,6RAJ_A.pdb,4.975377559661865,4.03125
6RAN_A.pdb,6RAJ_A.pdb,4.975377559661865,4.03125
6RAN_A.pdb,6RAH_A.pdb,4.686185359954834,3.9375
6RAN_A.pdb,6RAK_A.pdb,4.2972307205200195,3.984375
6RAN_A.pdb,6RAI_A.pdb,4.465672969818115,3.890625
6NQZ_B.pdb,6NQZ_A.pdb,0.17670172452926636,1.40625
6AF2_C.pdb,6AF2_A.pdb,0.5602750182151794,3.546875
6AF2_C.pdb,6AF2_D.pdb,0.46870917081832886,3.515625
6LPG_A.pdb,6J7B_A.pdb,0.47493061423301697,2.296875
6LPG_A.pdb,6OCG_A.pdb,0.4535471796989441,2.21875
6LPG_A.pdb,6OCH_A.pdb,0.4173431396484375,2.203125
6LPG_A.pdb,6OCH_C.pdb,0.4135623276233673,2.140625
5ZA4_A.pdb,5Z99_A.pdb,3.5418858528137207,2.046875
5ZA4_A.pdb,5YYB_B.pdb,3.4721789360046387,2.359375
5ZA4_A.pdb,5YYB_A.pdb,3.4318432807922363,2.28125
6NCH_A.pdb,6NCI_B.pdb,1.3878741264343262,2.859375
6NCI_A.pdb,6NCI_B.pdb,2.082561492919922,2.734375
6NCH_A.pdb,6NCH_B.pdb,1.480820894241333,2.9375
6NCI_A.pdb,6NCH_B.pdb,1.6439934968948364,2.796875
6V4J_E.pdb,6V4K_H.pdb,4.288148880004883,4.78125
6V4J_F.pdb,6V4K_H.pdb,4.223206043243408,4.71875
6V4J_E.pdb,6V4K_G.pdb,3.744185447692871,4.875
6V4J_G.pdb,6V4K_H.pdb,4.223633766174316,4.78125
6V4J_H.pdb,6V4K_H.pdb,4.2499799728393555,4.75
6XJD_K.pdb,7BUJ_A.pdb,2.47642183303833,4.125
6XJD_K.pdb,7BUJ_A.pdb,2.47642183303833,4.125
6XJD_L.pdb,7BUJ_A.pdb,2.476412057876587,4.125
6XJD_L.pdb,7BUJ_A.pdb,2.476412057876587,4.125
7A08_a.pdb,7BUJ_A.pdb,1.5988469123840332,3.84375
6I7D_C.pdb,6YCX_A.pdb,1.738083004951477,2.9375
6I7D_C.pdb,6YCX_B.pdb,1.7807663679122925,2.9375
6I7D_A.pdb,6YCX_A.pdb,1.0754328966140747,3.03125
6I7D_A.pdb,6YCX_B.pdb,1.1198339462280273,3.046875
6I7D_C.pdb,6I7E_A.pdb,1.8413430452346802,3.0
6S7M_H.pdb,6RT2_B.pdb,0.35598036646842957,2.671875
6S7M_H.pdb,5OML_B.pdb,0.3422226309776306,2.5625
6S7M_H.pdb,6RT2_C.pdb,0.35054054856300354,2.828125
6S7M_H.pdb,5OML_C.pdb,0.3343726396560669,2.78125
6JJ4_A.pdb,6JJ9_E.pdb,1.1400067806243896,3.109375
6JJ4_A.pdb,6JJ9_A.pdb,1.1352589130401611,3.09375
6JJ4_A.pdb,6JJ9_C.pdb,1.0780832767486572,3.09375
6JJ4_A.pdb,6JJ8_B.pdb,1.1059529781341553,3.078125
6JJ4_A.pdb,6JJ8_C.pdb,1.074913740158081,3.046875
6D74_A.pdb,6ZPR_A.pdb,6.95051383972168,5.0625
6LK5_A.pdb,6O5Z_B.pdb,0.7257589101791382,2.5625
6LK6_A.pdb,6O5Z_B.pdb,0.6235604882240295,2.46875
6ZLE_A.pdb,6ZPR_A.pdb,3.426429510116577,4.65625
6UX8_A.pdb,6ZPR_A.pdb,2.9747560024261475,4.625
7BSS_A.pdb,7BSV_A.pdb,6.822571754455566,2.953125
7BSS_A.pdb,7BSU_A.pdb,3.5010883808135986,2.984375
6XIF_B.pdb,6U2P_B.pdb,0.3400557339191437,1.9296875
6O58_M.pdb,6K7Y_P.pdb,19.788389205932617,3.71875
6O58_M.pdb,6K7Y_P.pdb,19.788389205932617,3.71875
6O58_M.pdb,6K7Y_P.pdb,19.788389205932617,3.71875
6O58_M.pdb,6K7Y_C.pdb,19.78839683532715,3.71875
6O58_M.pdb,6K7Y_C.pdb,19.78839683532715,3.71875
6H9J_D.pdb,6OT5_A.pdb,0.1864067018032074,6.4375
6H9J_D.pdb,6OT5_D.pdb,0.18643498420715332,6.4375
6H9J_D.pdb,6OT5_C.pdb,0.18643519282341003,6.4375
6H9J_D.pdb,6OT5_B.pdb,0.1864357888698578,6.4375
6HA6_D.pdb,6OT5_A.pdb,0.36574694514274597,6.3125
6G4R_B.pdb,6G1B_J.pdb,0.8794764280319214,2.71875
6G4R_E.pdb,6G1B_J.pdb,1.2013436555862427,2.703125
6G4R_B.pdb,6G1D_A.pdb,0.4838544428348541,2.5625
6G4R_E.pdb,6G1D_A.pdb,0.5596659183502197,2.625
6Q45_M.pdb,6Q45_N.pdb,3.363677740097046,2.9375
6Q45_M.pdb,6Q45_F.pdb,3.365922212600708,2.9375
6Q45_E.pdb,6Q45_N.pdb,3.345252513885498,2.9375
6Q45_E.pdb,6Q45_F.pdb,3.346081018447876,2.9375
6Q45_M.pdb,6Q45_L.pdb,3.3914272785186768,3.0
6M6B_D.pdb,6WOX_D.pdb,2.893568515777588,3.265625
6M6A_D.pdb,6WOX_D.pdb,3.0264174938201904,3.484375
6M6B_D.pdb,6OY5_D.pdb,2.794282913208008,3.03125
6M6B_D.pdb,6OY6_D.pdb,2.7828874588012695,3.0625
6M6B_D.pdb,6P71_D.pdb,2.851839303970337,3.015625
6S76_C.pdb,6S73_A.pdb,1.1034204959869385,3.53125
6S76_C.pdb,6S73_B.pdb,0.9045292139053345,3.59375
6S76_D.pdb,6S73_C.pdb,1.529364824295044,3.75
6S76_D.pdb,6S73_A.pdb,1.5514955520629883,3.75
6NN6_K.pdb,6TEL_B.pdb,1.0624113082885742,3.765625
6NN6_K.pdb,6TEN_B.pdb,1.086803674697876,3.671875
6NN6_K.pdb,6TE6_B.pdb,1.007225751876831,3.71875
6NN6_K.pdb,6TEL_A.pdb,1.096126675605774,3.734375
6NN6_K.pdb,6TEN_A.pdb,1.1154414415359497,3.671875
6HBJ_B.pdb,6HBG_B.pdb,0.5660257935523987,3.15625
6HBK_K.pdb,6HBG_B.pdb,0.5572788119316101,3.109375
6HBK_E.pdb,6HBG_B.pdb,0.5593829154968262,3.078125
6HBK_c.pdb,6HBG_B.pdb,0.5568020939826965,3.078125
6HBK_Q.pdb,6HBG_B.pdb,0.5568803548812866,3.09375
6WG3_D.pdb,5QSS_A.pdb,1.583216905593872,4.03125
6WG3_D.pdb,5QSM_A.pdb,1.6332817077636719,4.0625
6WG3_D.pdb,5QSO_A.pdb,1.641671061515808,4.0
6WG3_D.pdb,5QSZ_A.pdb,1.6930081844329834,4.0
6WG3_D.pdb,5QSR_A.pdb,1.683024525642395,4.03125
6HVM_A.pdb,6HVL_A.pdb,0.2798127830028534,2.078125
6TH5_B.pdb,6THO_A.pdb,0.22589080035686493,1.8359375
6S58_A.pdb,6S48_B.pdb,2.0237693786621094,3.265625
6G3B_B.pdb,6S48_B.pdb,1.7929085493087769,3.125
6S58_C.pdb,6S48_B.pdb,1.9171088933944702,3.296875
6S58_D.pdb,6S48_B.pdb,1.880761981010437,3.109375
6G3B_A.pdb,6S48_B.pdb,1.4911012649536133,3.125
6UV0_A.pdb,6UV1_B.pdb,10.14751148223877,3.296875
6UV0_A.pdb,6UV1_A.pdb,8.885821342468262,3.234375
6UV0_A.pdb,6UV3_A.pdb,9.092782020568848,3.21875
6UV0_A.pdb,6UV2_A.pdb,8.788175582885742,3.21875
6UV0_A.pdb,6UV4_A.pdb,10.309861183166504,3.203125
6CQE_B.pdb,6NFY_A.pdb,0.9415615797042847,2.921875
6CQE_A.pdb,6NFY_A.pdb,1.0076030492782593,2.921875
6CQE_A.pdb,6NFY_B.pdb,0.9567151665687561,3.171875
6CQE_B.pdb,6NFY_B.pdb,0.9108662009239197,3.125
6CQE_A.pdb,6NFZ_B.pdb,0.6129059791564941,3.0625
7C1X_B.pdb,7C1Y_A.pdb,0.4744177460670471,2.515625
7C1X_B.pdb,7C1Y_A.pdb,0.4744177460670471,2.515625
6SC6_A.pdb,6KC6_A.pdb,0.5192192792892456,2.65625
6SC6_A.pdb,6KC6_C.pdb,0.6185537576675415,2.71875
6SC6_A.pdb,6KC6_I.pdb,0.5700516700744629,2.640625
6SC6_A.pdb,6KC6_K.pdb,0.6182063817977905,2.65625
6M02_F.pdb,6WBG_B.pdb,1.5432655811309814,4.3125
6M02_E.pdb,6WBG_B.pdb,1.5432674884796143,4.3125
6M02_F.pdb,6WBG_B.pdb,1.5432655811309814,4.3125
6M02_E.pdb,6WBG_B.pdb,1.5432674884796143,4.3125
6M02_B.pdb,6WBG_B.pdb,1.5432668924331665,4.3125
5YY9_A.pdb,6VYJ_A.pdb,0.7805768847465515,2.984375
5YY9_A.pdb,6VYJ_A.pdb,0.7805768847465515,2.984375
6TY9_A.pdb,6TY8_A.pdb,1.0717871189117432,2.921875
6TZ0_A.pdb,6TY8_A.pdb,0.9106255173683167,2.9375
6TZ1_A.pdb,6TY8_A.pdb,1.0776748657226562,3.0
6TY9_A.pdb,6TZ2_A.pdb,0.5957022309303284,2.859375
6TY9_A.pdb,6TZ2_A.pdb,0.5957022309303284,2.859375
6LII_C.pdb,6LHR_B.pdb,0.7866873741149902,2.34375
6LII_A.pdb,6LHR_B.pdb,0.8109906315803528,2.3125
6LII_C.pdb,6LHR_D.pdb,0.7957850098609924,2.265625
6LII_A.pdb,6LHR_D.pdb,0.8197550177574158,2.34375
6RFS_3.pdb,6Y79_3.pdb,0.7789299488067627,3.984375
6RFS_5.pdb,6RFR_5.pdb,0.5040910840034485,2.859375
6I7H_A.pdb,6I7K_A.pdb,0.7480300068855286,2.640625
6VLE_A.pdb,6VLD_A.pdb,0.3046348989009857,1.9375
6VLE_A.pdb,6X5H_B.pdb,0.33057084679603577,1.9296875
6VLE_A.pdb,6X5U_A.pdb,0.38103747367858887,2.265625
6VLE_A.pdb,6X5T_A.pdb,0.3550911247730255,2.0
6VLE_A.pdb,6X5U_C.pdb,0.3906251788139343,2.21875
6P7T_A.pdb,6PB9_A.pdb,0.8215154409408569,3.1875
6P7T_A.pdb,6P7R_A.pdb,0.7321407198905945,3.171875
6HPT_A.pdb,6HPU_B.pdb,2.250910520553589,3.15625
6HPT_A.pdb,6HPU_A.pdb,2.208207368850708,3.171875
6GJV_D.pdb,6GK9_A.pdb,0.18198178708553314,1.4375
6GJV_D.pdb,6GK9_D.pdb,0.18076831102371216,1.3984375
6GK9_F.pdb,6GK9_D.pdb,0.19927054643630981,1.5703125
6GJV_G.pdb,6GK9_A.pdb,2.0265839099884033,1.5546875
6GK9_F.pdb,6GK9_A.pdb,0.2021752893924713,1.59375
6CVA_A.pdb,6OJA_E.pdb,3.9039485454559326,2.34375
6CVA_A.pdb,6OJA_A.pdb,3.900702953338623,2.25
6CVA_A.pdb,6OJA_B.pdb,3.9077181816101074,2.3125
6CVA_A.pdb,6OJA_F.pdb,3.8411760330200195,2.234375
6CVA_A.pdb,6OJA_D.pdb,3.817506790161133,2.28125
7D1Z_K.pdb,6BOZ_A.pdb,1.6314127445220947,4.125
7D20_K.pdb,6BOZ_A.pdb,1.6382155418395996,3.890625
7D1Z_K.pdb,6BOZ_B.pdb,1.6308324337005615,4.0625
7D20_K.pdb,6BOZ_B.pdb,1.699301838874817,3.90625
6L5L_A.pdb,6L5O_A.pdb,8.427330017089844,2.734375
6MGQ_A.pdb,6T6R_A.pdb,2.2492499351501465,2.734375
6C8C_A.pdb,6C8C_B.pdb,0.355191171169281,3.234375
7CA5_A.pdb,6UO8_A.pdb,6.130975723266602,5.375
7CA5_A.pdb,6UO8_A.pdb,6.130975723266602,5.375
7CA5_A.pdb,6UO9_A.pdb,5.700250625610352,5.3125
7CA5_A.pdb,7C7Q_A.pdb,5.692357063293457,5.21875
7CA5_A.pdb,7C7Q_A.pdb,5.692357063293457,5.21875
6X0M_P.pdb,6TX3_B.pdb,1.076115608215332,3.171875
6X0M_p.pdb,6TX3_B.pdb,1.0026419162750244,3.234375
6X0L_P.pdb,6TX3_B.pdb,0.960233211517334,3.03125
6X0N_P.pdb,6TX3_B.pdb,0.9602293372154236,3.03125
6V4X_H.pdb,6M8Q_B.pdb,2.3105742931365967,2.8125
6V4X_H.pdb,6M8Q_A.pdb,2.168644905090332,2.8125
6NIT_A.pdb,7D7U_C.pdb,0.7050610184669495,3.5
6NIT_B.pdb,7D7U_C.pdb,0.6152565479278564,3.546875
6N4O_A.pdb,7D7U_C.pdb,0.4940794110298157,3.390625
6N4O_A.pdb,6MDZ_A.pdb,1.492110252380371,2.515625
6N4O_A.pdb,6MDZ_A.pdb,1.492110252380371,2.515625
6HCO_B.pdb,6HZM_B.pdb,3.5848302841186523,3.625
6HCO_B.pdb,6HZM_A.pdb,3.6062989234924316,3.640625
6HCO_B.pdb,6HBU_B.pdb,3.3365089893341064,3.578125
6HCO_B.pdb,6HBU_A.pdb,3.336402416229248,3.578125
6VXF_B.pdb,6HZM_A.pdb,2.4331533908843994,3.59375
6U86_B.pdb,6U88_B.pdb,1.393674612045288,3.21875
6U86_C.pdb,6U88_B.pdb,1.393668532371521,3.21875
6U86_A.pdb,6U88_B.pdb,1.3936724662780762,3.21875
6U86_D.pdb,6U88_B.pdb,1.393674373626709,3.21875
6U86_B.pdb,6U88_D.pdb,1.3936681747436523,3.21875
7A6U_D.pdb,6UZA_D.pdb,0.7441353797912598,3.328125
7A6U_D.pdb,6UZA_D.pdb,0.7441353797912598,3.328125
7A6U_D.pdb,6UZA_B.pdb,0.744172990322113,3.328125
7A6U_D.pdb,6UZA_B.pdb,0.744172990322113,3.328125
7A6U_D.pdb,6UZA_B.pdb,0.744172990322113,3.328125
6IGM_B.pdb,6QI8_E.pdb,2.1254847049713135,4.28125
6IGM_B.pdb,6QI9_E.pdb,2.6883060932159424,4.40625
6IGM_B.pdb,6QI8_F.pdb,2.679295539855957,4.4375
6IGM_B.pdb,6QI9_F.pdb,2.174039363861084,4.53125
6IGM_D.pdb,6QI8_F.pdb,2.270416736602783,4.25
6IGM_C.pdb,6QI8_C.pdb,2.935342788696289,4.03125
6IGM_A.pdb,6K0R_I.pdb,2.5014586448669434,4.03125
6IGM_A.pdb,6K0R_H.pdb,2.5094144344329834,3.953125
6IGM_C.pdb,6QI9_C.pdb,3.004751682281494,4.25
6IGM_E.pdb,6K0R_I.pdb,2.4627387523651123,4.15625
6K7G_A.pdb,6K7M_A.pdb,5.996737003326416,3.328125
6K7H_A.pdb,6K7M_A.pdb,3.8643383979797363,3.296875
6K7H_A.pdb,6K7K_A.pdb,1.57883882522583,3.046875
6K7G_A.pdb,6K7K_A.pdb,1.556786298751831,3.125
6LI3_R.pdb,6LI0_A.pdb,1.5386435985565186,4.3125
6NYY_A.pdb,6NYY_E.pdb,0.4616378843784332,3.765625
6NYY_F.pdb,6NYY_E.pdb,0.38018620014190674,3.78125
6KOI_C.pdb,6KOJ_B.pdb,0.4654381275177002,3.03125
6KOI_C.pdb,6KOJ_A.pdb,0.4285742938518524,2.984375
6KOI_A.pdb,6KOJ_A.pdb,0.4514182209968567,2.828125
6KOI_A.pdb,6KOJ_B.pdb,0.4610680043697357,3.0
6KOI_M.pdb,6KOJ_A.pdb,0.43747448921203613,2.84375
6N5Y_A.pdb,6N5X_A.pdb,0.4680805504322052,2.46875
6N5Z_A.pdb,6N5X_A.pdb,0.6994290351867676,2.921875
6N5Z_B.pdb,6N5X_A.pdb,0.7446426153182983,2.75
7DFV_B.pdb,7CRC_A.pdb,1.0160627365112305,3.0
7DFV_D.pdb,7CRC_A.pdb,1.0160595178604126,3.0
7DFV_B.pdb,7CRC_C.pdb,1.0125523805618286,3.0
7DFV_D.pdb,7CRC_C.pdb,1.0125552415847778,3.0
7DFV_A.pdb,7CRC_D.pdb,0.9828599095344543,2.921875
6TMI_C.pdb,6TMH_E.pdb,1.0564383268356323,6.75
6WK5_A.pdb,6WK9_F.pdb,1.410843849182129,4.59375
6WK5_A.pdb,6WK9_F.pdb,1.410843849182129,4.59375
6WK5_A.pdb,6WK9_B.pdb,1.4233354330062866,4.4375
6WK5_A.pdb,6WK9_B.pdb,1.4233354330062866,4.4375
6WK5_B.pdb,6WK9_A.pdb,1.3846521377563477,4.46875
6RN2_F.pdb,6RN2_E.pdb,3.4082653522491455,3.390625
6RN2_F.pdb,6RN2_A.pdb,4.698675155639648,3.453125
6RN2_F.pdb,6RN3_A.pdb,3.8687782287597656,3.390625
6AKT_A.pdb,6AKS_A.pdb,1.4246584177017212,3.3125
6TT7_E.pdb,6TT7_F.pdb,3.7911484241485596,3.1875
6TT7_E.pdb,6TT7_D.pdb,3.5079185962677,3.21875
